"","Kod","Nazwa","rok","Mediana_cen_za_1_m2_lokali_mieszkalnych_sprzedanych_w_ramach_transakcji_rynkowych_rynek_pierwotny_od_80_m2_zl"
"17101",201000,"Powiat bolesławiecki",2015,0
"17102",202000,"Powiat dzierżoniowski",2015,0
"17103",203000,"Powiat głogowski",2015,3390
"17104",204000,"Powiat górowski",2015,0
"17105",205000,"Powiat jaworski",2015,0
"17106",206000,"Powiat jeleniogórski",2015,0
"17107",207000,"Powiat kamiennogórski",2015,0
"17108",208000,"Powiat kłodzki",2015,0
"17109",209000,"Powiat legnicki",2015,2430
"17110",210000,"Powiat lubański",2015,0
"17111",211000,"Powiat lubiński",2015,3799
"17112",212000,"Powiat lwówecki",2015,0
"17113",213000,"Powiat milicki",2015,0
"17114",214000,"Powiat oleśnicki",2015,4250
"17115",215000,"Powiat oławski",2015,3291
"17116",216000,"Powiat polkowicki",2015,0
"17117",217000,"Powiat strzeliński",2015,0
"17118",218000,"Powiat średzki",2015,3006
"17119",219000,"Powiat świdnicki",2015,3062
"17120",220000,"Powiat trzebnicki",2015,3599
"17121",221000,"Powiat wałbrzyski",2015,0
"17122",222000,"Powiat wołowski",2015,3214
"17123",223000,"Powiat wrocławski",2015,3721
"17124",224000,"Powiat ząbkowicki",2015,0
"17125",225000,"Powiat zgorzelecki",2015,0
"17126",226000,"Powiat złotoryjski",2015,0
"17127",261000,"Powiat m.Jelenia Góra",2015,3342
"17128",262000,"Powiat m.Legnica",2015,3247
"17129",264000,"Powiat m.Wrocław",2015,5611
"17130",265000,"Powiat m.Wałbrzych od 2013",2015,0
"17131",401000,"Powiat aleksandrowski",2015,0
"17132",402000,"Powiat brodnicki",2015,3383
"17133",403000,"Powiat bydgoski",2015,4092
"17134",404000,"Powiat chełmiński",2015,0
"17135",405000,"Powiat golubsko-dobrzyński",2015,0
"17136",406000,"Powiat grudziądzki",2015,0
"17137",407000,"Powiat inowrocławski",2015,4378
"17138",408000,"Powiat lipnowski",2015,0
"17139",409000,"Powiat mogileński",2015,0
"17140",410000,"Powiat nakielski",2015,0
"17141",411000,"Powiat radziejowski",2015,0
"17142",412000,"Powiat rypiński",2015,0
"17143",413000,"Powiat sępoleński",2015,0
"17144",414000,"Powiat świecki",2015,3401
"17145",415000,"Powiat toruński",2015,0
"17146",416000,"Powiat tucholski",2015,0
"17147",417000,"Powiat wąbrzeski",2015,0
"17148",418000,"Powiat włocławski",2015,0
"17149",419000,"Powiat żniński",2015,0
"17150",461000,"Powiat m.Bydgoszcz",2015,4561
"17151",462000,"Powiat m.Grudziądz",2015,0
"17152",463000,"Powiat m.Toruń",2015,0
"17153",464000,"Powiat m.Włocławek",2015,0
"17154",601000,"Powiat bialski",2015,0
"17155",602000,"Powiat biłgorajski",2015,0
"17156",603000,"Powiat chełmski",2015,0
"17157",604000,"Powiat hrubieszowski",2015,0
"17158",605000,"Powiat janowski",2015,0
"17159",606000,"Powiat krasnostawski",2015,0
"17160",607000,"Powiat kraśnicki",2015,0
"17161",608000,"Powiat lubartowski",2015,0
"17162",609000,"Powiat lubelski",2015,0
"17163",610000,"Powiat łęczyński",2015,0
"17164",611000,"Powiat łukowski",2015,0
"17165",612000,"Powiat opolski",2015,0
"17166",613000,"Powiat parczewski",2015,0
"17167",614000,"Powiat puławski",2015,0
"17168",615000,"Powiat radzyński",2015,0
"17169",616000,"Powiat rycki",2015,0
"17170",617000,"Powiat świdnicki",2015,0
"17171",618000,"Powiat tomaszowski",2015,0
"17172",619000,"Powiat włodawski",2015,0
"17173",620000,"Powiat zamojski",2015,0
"17174",661000,"Powiat m.Biała Podlaska",2015,0
"17175",662000,"Powiat m.Chełm",2015,0
"17176",663000,"Powiat m.Lublin",2015,4883
"17177",664000,"Powiat m.Zamość",2015,2659
"17178",801000,"Powiat gorzowski",2015,0
"17179",802000,"Powiat krośnieński",2015,0
"17180",803000,"Powiat międzyrzecki",2015,0
"17181",804000,"Powiat nowosolski",2015,0
"17182",805000,"Powiat słubicki",2015,0
"17183",806000,"Powiat strzelecko-drezdenecki",2015,2331
"17184",807000,"Powiat sulęciński",2015,0
"17185",808000,"Powiat świebodziński",2015,0
"17186",809000,"Powiat zielonogórski",2015,0
"17187",810000,"Powiat żagański",2015,0
"17188",811000,"Powiat żarski",2015,0
"17189",812000,"Powiat wschowski",2015,0
"17190",861000,"Powiat m.Gorzów Wielkopolski",2015,3064
"17191",862000,"Powiat m.Zielona Góra",2015,2934
"17192",1001000,"Powiat bełchatowski",2015,0
"17193",1002000,"Powiat kutnowski",2015,0
"17194",1003000,"Powiat łaski",2015,0
"17195",1004000,"Powiat łęczycki",2015,0
"17196",1005000,"Powiat łowicki",2015,0
"17197",1006000,"Powiat łódzki wschodni",2015,0
"17198",1007000,"Powiat opoczyński",2015,0
"17199",1008000,"Powiat pabianicki",2015,3494
"17200",1009000,"Powiat pajęczański",2015,0
"17201",1010000,"Powiat piotrkowski",2015,0
"17202",1011000,"Powiat poddębicki",2015,0
"17203",1012000,"Powiat radomszczański",2015,0
"17204",1013000,"Powiat rawski",2015,0
"17205",1014000,"Powiat sieradzki",2015,0
"17206",1015000,"Powiat skierniewicki",2015,0
"17207",1016000,"Powiat tomaszowski",2015,0
"17208",1017000,"Powiat wieluński",2015,0
"17209",1018000,"Powiat wieruszowski",2015,0
"17210",1019000,"Powiat zduńskowolski",2015,0
"17211",1020000,"Powiat zgierski",2015,3866
"17212",1021000,"Powiat brzeziński",2015,0
"17213",1061000,"Powiat m.Łódź",2015,4208
"17214",1062000,"Powiat m.Piotrków Trybunalski",2015,3997
"17215",1063000,"Powiat m.Skierniewice",2015,0
"17216",1201000,"Powiat bocheński",2015,3859
"17217",1202000,"Powiat brzeski",2015,0
"17218",1203000,"Powiat chrzanowski",2015,0
"17219",1204000,"Powiat dąbrowski",2015,0
"17220",1205000,"Powiat gorlicki",2015,0
"17221",1206000,"Powiat krakowski",2015,4413
"17222",1207000,"Powiat limanowski",2015,0
"17223",1208000,"Powiat miechowski",2015,0
"17224",1209000,"Powiat myślenicki",2015,0
"17225",1210000,"Powiat nowosądecki",2015,0
"17226",1211000,"Powiat nowotarski",2015,4116
"17227",1212000,"Powiat olkuski",2015,0
"17228",1213000,"Powiat oświęcimski",2015,0
"17229",1214000,"Powiat proszowicki",2015,0
"17230",1215000,"Powiat suski",2015,0
"17231",1216000,"Powiat tarnowski",2015,0
"17232",1217000,"Powiat tatrzański",2015,0
"17233",1218000,"Powiat wadowicki",2015,3900
"17234",1219000,"Powiat wielicki",2015,4597
"17235",1261000,"Powiat m.Kraków",2015,6791
"17236",1262000,"Powiat m.Nowy Sącz",2015,0
"17237",1263000,"Powiat m.Tarnów",2015,0
"17238",1401000,"Powiat białobrzeski",2015,0
"17239",1402000,"Powiat ciechanowski",2015,3231
"17240",1403000,"Powiat garwoliński",2015,0
"17241",1404000,"Powiat gostyniński",2015,0
"17242",1405000,"Powiat grodziski",2015,3577
"17243",1406000,"Powiat grójecki",2015,0
"17244",1407000,"Powiat kozienicki",2015,0
"17245",1408000,"Powiat legionowski",2015,4252
"17246",1409000,"Powiat lipski",2015,0
"17247",1410000,"Powiat łosicki",2015,0
"17248",1411000,"Powiat makowski",2015,0
"17249",1412000,"Powiat miński",2015,3926
"17250",1413000,"Powiat mławski",2015,0
"17251",1414000,"Powiat nowodworski",2015,3975
"17252",1415000,"Powiat ostrołęcki",2015,0
"17253",1416000,"Powiat ostrowski",2015,0
"17254",1417000,"Powiat otwocki",2015,3313
"17255",1418000,"Powiat piaseczyński",2015,3951
"17256",1419000,"Powiat płocki",2015,0
"17257",1420000,"Powiat płoński",2015,2625
"17258",1421000,"Powiat pruszkowski",2015,4387
"17259",1422000,"Powiat przasnyski",2015,0
"17260",1423000,"Powiat przysuski",2015,0
"17261",1424000,"Powiat pułtuski",2015,0
"17262",1425000,"Powiat radomski",2015,0
"17263",1426000,"Powiat siedlecki",2015,0
"17264",1427000,"Powiat sierpecki",2015,0
"17265",1428000,"Powiat sochaczewski",2015,0
"17266",1429000,"Powiat sokołowski",2015,0
"17267",1430000,"Powiat szydłowiecki",2015,0
"17268",1432000,"Powiat warszawski zachodni",2015,3989
"17269",1433000,"Powiat węgrowski",2015,0
"17270",1434000,"Powiat wołomiński",2015,3483
"17271",1435000,"Powiat wyszkowski",2015,0
"17272",1436000,"Powiat zwoleński",2015,0
"17273",1437000,"Powiat żuromiński",2015,0
"17274",1438000,"Powiat żyrardowski",2015,0
"17275",1461000,"Powiat m.Ostrołęka",2015,0
"17276",1462000,"Powiat m.Płock",2015,3837
"17277",1463000,"Powiat m.Radom",2015,3718
"17278",1464000,"Powiat m.Siedlce",2015,3718
"17279",1465000,"Powiat m. st. Warszawa",2015,7334
"17280",1601000,"Powiat brzeski",2015,0
"17281",1602000,"Powiat głubczycki",2015,0
"17282",1603000,"Powiat kędzierzyńsko-kozielski",2015,0
"17283",1604000,"Powiat kluczborski",2015,0
"17284",1605000,"Powiat krapkowicki",2015,0
"17285",1606000,"Powiat namysłowski",2015,0
"17286",1607000,"Powiat nyski",2015,0
"17287",1608000,"Powiat oleski",2015,0
"17288",1609000,"Powiat opolski",2015,0
"17289",1610000,"Powiat prudnicki",2015,0
"17290",1611000,"Powiat strzelecki",2015,0
"17291",1661000,"Powiat m.Opole",2015,4059
"17292",1801000,"Powiat bieszczadzki",2015,0
"17293",1802000,"Powiat brzozowski",2015,0
"17294",1803000,"Powiat dębicki",2015,3368
"17295",1804000,"Powiat jarosławski",2015,0
"17296",1805000,"Powiat jasielski",2015,0
"17297",1806000,"Powiat kolbuszowski",2015,0
"17298",1807000,"Powiat krośnieński",2015,0
"17299",1808000,"Powiat leżajski",2015,0
"17300",1809000,"Powiat lubaczowski",2015,0
"17301",1810000,"Powiat łańcucki",2015,0
"17302",1811000,"Powiat mielecki",2015,3141
"17303",1812000,"Powiat niżański",2015,0
"17304",1813000,"Powiat przemyski",2015,0
"17305",1814000,"Powiat przeworski",2015,0
"17306",1815000,"Powiat ropczycko-sędziszowski",2015,0
"17307",1816000,"Powiat rzeszowski",2015,0
"17308",1817000,"Powiat sanocki",2015,0
"17309",1818000,"Powiat stalowowolski",2015,0
"17310",1819000,"Powiat strzyżowski",2015,0
"17311",1820000,"Powiat tarnobrzeski",2015,0
"17312",1821000,"Powiat leski",2015,0
"17313",1861000,"Powiat m.Krosno",2015,0
"17314",1862000,"Powiat m.Przemyśl",2015,3252
"17315",1863000,"Powiat m.Rzeszów",2015,4805
"17316",1864000,"Powiat m.Tarnobrzeg",2015,0
"17317",2001000,"Powiat augustowski",2015,3903
"17318",2002000,"Powiat białostocki",2015,2937
"17319",2003000,"Powiat bielski",2015,0
"17320",2004000,"Powiat grajewski",2015,0
"17321",2005000,"Powiat hajnowski",2015,0
"17322",2006000,"Powiat kolneński",2015,0
"17323",2007000,"Powiat łomżyński",2015,0
"17324",2008000,"Powiat moniecki",2015,0
"17325",2009000,"Powiat sejneński",2015,0
"17326",2010000,"Powiat siemiatycki",2015,0
"17327",2011000,"Powiat sokólski",2015,0
"17328",2012000,"Powiat suwalski",2015,0
"17329",2013000,"Powiat wysokomazowiecki",2015,0
"17330",2014000,"Powiat zambrowski",2015,2844
"17331",2061000,"Powiat m.Białystok",2015,4415
"17332",2062000,"Powiat m.Łomża",2015,2804
"17333",2063000,"Powiat m.Suwałki",2015,3765
"17334",2201000,"Powiat bytowski",2015,0
"17335",2202000,"Powiat chojnicki",2015,0
"17336",2203000,"Powiat człuchowski",2015,0
"17337",2204000,"Powiat gdański",2015,4409
"17338",2205000,"Powiat kartuski",2015,3210
"17339",2206000,"Powiat kościerski",2015,0
"17340",2207000,"Powiat kwidzyński",2015,0
"17341",2208000,"Powiat lęborski",2015,2669
"17342",2209000,"Powiat malborski",2015,0
"17343",2210000,"Powiat nowodworski",2015,0
"17344",2211000,"Powiat pucki",2015,4406
"17345",2212000,"Powiat słupski",2015,5387
"17346",2213000,"Powiat starogardzki",2015,0
"17347",2214000,"Powiat tczewski",2015,3107
"17348",2215000,"Powiat wejherowski",2015,3558
"17349",2216000,"Powiat sztumski",2015,0
"17350",2261000,"Powiat m.Gdańsk",2015,5942
"17351",2262000,"Powiat m.Gdynia",2015,5817
"17352",2263000,"Powiat m.Słupsk",2015,3308
"17353",2264000,"Powiat m.Sopot",2015,9603
"17354",2401000,"Powiat będziński",2015,0
"17355",2402000,"Powiat bielski",2015,0
"17356",2403000,"Powiat cieszyński",2015,1620
"17357",2404000,"Powiat częstochowski",2015,0
"17358",2405000,"Powiat gliwicki",2015,0
"17359",2406000,"Powiat kłobucki",2015,0
"17360",2407000,"Powiat lubliniecki",2015,2341
"17361",2408000,"Powiat mikołowski",2015,4069
"17362",2409000,"Powiat myszkowski",2015,0
"17363",2410000,"Powiat pszczyński",2015,2909
"17364",2411000,"Powiat raciborski",2015,0
"17365",2412000,"Powiat rybnicki",2015,0
"17366",2413000,"Powiat tarnogórski",2015,0
"17367",2414000,"Powiat bieruńsko-lędziński",2015,0
"17368",2415000,"Powiat wodzisławski",2015,0
"17369",2416000,"Powiat zawierciański",2015,0
"17370",2417000,"Powiat żywiecki",2015,0
"17371",2461000,"Powiat m.Bielsko-Biała",2015,3101
"17372",2462000,"Powiat m.Bytom",2015,0
"17373",2463000,"Powiat m.Chorzów",2015,0
"17374",2464000,"Powiat m.Częstochowa",2015,4362
"17375",2465000,"Powiat m.Dąbrowa Górnicza",2015,0
"17376",2466000,"Powiat m.Gliwice",2015,4108
"17377",2467000,"Powiat m.Jastrzębie-Zdrój",2015,0
"17378",2468000,"Powiat m.Jaworzno",2015,0
"17379",2469000,"Powiat m.Katowice",2015,6053
"17380",2470000,"Powiat m.Mysłowice",2015,3087
"17381",2471000,"Powiat m.Piekary Śląskie",2015,0
"17382",2472000,"Powiat m.Ruda Śląska",2015,4315
"17383",2473000,"Powiat m.Rybnik",2015,0
"17384",2474000,"Powiat m.Siemianowice Śląskie",2015,2913
"17385",2475000,"Powiat m.Sosnowiec",2015,0
"17386",2476000,"Powiat m.Świętochłowice",2015,3501
"17387",2477000,"Powiat m.Tychy",2015,3525
"17388",2478000,"Powiat m.Zabrze",2015,0
"17389",2479000,"Powiat m.Żory",2015,2778
"17390",2601000,"Powiat buski",2015,0
"17391",2602000,"Powiat jędrzejowski",2015,0
"17392",2603000,"Powiat kazimierski",2015,0
"17393",2604000,"Powiat kielecki",2015,0
"17394",2605000,"Powiat konecki",2015,0
"17395",2606000,"Powiat opatowski",2015,0
"17396",2607000,"Powiat ostrowiecki",2015,0
"17397",2608000,"Powiat pińczowski",2015,0
"17398",2609000,"Powiat sandomierski",2015,0
"17399",2610000,"Powiat skarżyski",2015,0
"17400",2611000,"Powiat starachowicki",2015,0
"17401",2612000,"Powiat staszowski",2015,0
"17402",2613000,"Powiat włoszczowski",2015,0
"17403",2661000,"Powiat m.Kielce",2015,4671
"17404",2801000,"Powiat bartoszycki",2015,0
"17405",2802000,"Powiat braniewski",2015,0
"17406",2803000,"Powiat działdowski",2015,0
"17407",2804000,"Powiat elbląski",2015,0
"17408",2805000,"Powiat ełcki",2015,3467
"17409",2806000,"Powiat giżycki",2015,4170
"17410",2807000,"Powiat iławski",2015,0
"17411",2808000,"Powiat kętrzyński",2015,0
"17412",2809000,"Powiat lidzbarski",2015,0
"17413",2810000,"Powiat mrągowski",2015,0
"17414",2811000,"Powiat nidzicki",2015,0
"17415",2812000,"Powiat nowomiejski",2015,0
"17416",2813000,"Powiat olecki",2015,0
"17417",2814000,"Powiat olsztyński",2015,2790
"17418",2815000,"Powiat ostródzki",2015,0
"17419",2816000,"Powiat piski",2015,0
"17420",2817000,"Powiat szczycieński",2015,0
"17421",2818000,"Powiat gołdapski",2015,0
"17422",2819000,"Powiat węgorzewski",2015,0
"17423",2861000,"Powiat m.Elbląg",2015,3523
"17424",2862000,"Powiat m.Olsztyn",2015,5033
"17425",3001000,"Powiat chodzieski",2015,0
"17426",3002000,"Powiat czarnkowsko-trzcianecki",2015,0
"17427",3003000,"Powiat gnieźnieński",2015,0
"17428",3004000,"Powiat gostyński",2015,2664
"17429",3005000,"Powiat grodziski",2015,0
"17430",3006000,"Powiat jarociński",2015,0
"17431",3007000,"Powiat kaliski",2015,0
"17432",3008000,"Powiat kępiński",2015,0
"17433",3009000,"Powiat kolski",2015,0
"17434",3010000,"Powiat koniński",2015,0
"17435",3011000,"Powiat kościański",2015,0
"17436",3012000,"Powiat krotoszyński",2015,0
"17437",3013000,"Powiat leszczyński",2015,0
"17438",3014000,"Powiat międzychodzki",2015,0
"17439",3015000,"Powiat nowotomyski",2015,0
"17440",3016000,"Powiat obornicki",2015,0
"17441",3017000,"Powiat ostrowski",2015,0
"17442",3018000,"Powiat ostrzeszowski",2015,0
"17443",3019000,"Powiat pilski",2015,3741
"17444",3020000,"Powiat pleszewski",2015,0
"17445",3021000,"Powiat poznański",2015,3799
"17446",3022000,"Powiat rawicki",2015,0
"17447",3023000,"Powiat słupecki",2015,0
"17448",3024000,"Powiat szamotulski",2015,0
"17449",3025000,"Powiat średzki",2015,2738
"17450",3026000,"Powiat śremski",2015,0
"17451",3027000,"Powiat turecki",2015,0
"17452",3028000,"Powiat wągrowiecki",2015,0
"17453",3029000,"Powiat wolsztyński",2015,0
"17454",3030000,"Powiat wrzesiński",2015,2596
"17455",3031000,"Powiat złotowski",2015,0
"17456",3061000,"Powiat m.Kalisz",2015,0
"17457",3062000,"Powiat m.Konin",2015,5203
"17458",3063000,"Powiat m.Leszno",2015,3418
"17459",3064000,"Powiat m.Poznań",2015,5560
"17460",3201000,"Powiat białogardzki",2015,0
"17461",3202000,"Powiat choszczeński",2015,0
"17462",3203000,"Powiat drawski",2015,0
"17463",3204000,"Powiat goleniowski",2015,0
"17464",3205000,"Powiat gryficki",2015,0
"17465",3206000,"Powiat gryfiński",2015,0
"17466",3207000,"Powiat kamieński",2015,0
"17467",3208000,"Powiat kołobrzeski",2015,4134
"17468",3209000,"Powiat koszaliński",2015,0
"17469",3210000,"Powiat myśliborski",2015,0
"17470",3211000,"Powiat policki",2015,4695
"17471",3212000,"Powiat pyrzycki",2015,0
"17472",3213000,"Powiat sławieński",2015,0
"17473",3214000,"Powiat stargardzki",2015,0
"17474",3215000,"Powiat szczecinecki",2015,0
"17475",3216000,"Powiat świdwiński",2015,0
"17476",3217000,"Powiat wałecki",2015,0
"17477",3218000,"Powiat łobeski",2015,0
"17478",3261000,"Powiat m.Koszalin",2015,0
"17479",3262000,"Powiat m.Szczecin",2015,4581
"17480",3263000,"Powiat m.Świnoujście",2015,0
"17481",201000,"Powiat bolesławiecki",2016,0
"17482",202000,"Powiat dzierżoniowski",2016,0
"17483",203000,"Powiat głogowski",2016,0
"17484",204000,"Powiat górowski",2016,0
"17485",205000,"Powiat jaworski",2016,0
"17486",206000,"Powiat jeleniogórski",2016,0
"17487",207000,"Powiat kamiennogórski",2016,0
"17488",208000,"Powiat kłodzki",2016,0
"17489",209000,"Powiat legnicki",2016,0
"17490",210000,"Powiat lubański",2016,0
"17491",211000,"Powiat lubiński",2016,3786
"17492",212000,"Powiat lwówecki",2016,0
"17493",213000,"Powiat milicki",2016,2637
"17494",214000,"Powiat oleśnicki",2016,3233
"17495",215000,"Powiat oławski",2016,3245
"17496",216000,"Powiat polkowicki",2016,0
"17497",217000,"Powiat strzeliński",2016,0
"17498",218000,"Powiat średzki",2016,3093
"17499",219000,"Powiat świdnicki",2016,3235
"17500",220000,"Powiat trzebnicki",2016,3841
"17501",221000,"Powiat wałbrzyski",2016,2957
"17502",222000,"Powiat wołowski",2016,2992
"17503",223000,"Powiat wrocławski",2016,3871
"17504",224000,"Powiat ząbkowicki",2016,0
"17505",225000,"Powiat zgorzelecki",2016,0
"17506",226000,"Powiat złotoryjski",2016,0
"17507",261000,"Powiat m.Jelenia Góra",2016,3026
"17508",262000,"Powiat m.Legnica",2016,3526
"17509",264000,"Powiat m.Wrocław",2016,5389
"17510",265000,"Powiat m.Wałbrzych od 2013",2016,0
"17511",401000,"Powiat aleksandrowski",2016,0
"17512",402000,"Powiat brodnicki",2016,2526
"17513",403000,"Powiat bydgoski",2016,4423
"17514",404000,"Powiat chełmiński",2016,0
"17515",405000,"Powiat golubsko-dobrzyński",2016,0
"17516",406000,"Powiat grudziądzki",2016,0
"17517",407000,"Powiat inowrocławski",2016,4802
"17518",408000,"Powiat lipnowski",2016,0
"17519",409000,"Powiat mogileński",2016,0
"17520",410000,"Powiat nakielski",2016,0
"17521",411000,"Powiat radziejowski",2016,0
"17522",412000,"Powiat rypiński",2016,0
"17523",413000,"Powiat sępoleński",2016,0
"17524",414000,"Powiat świecki",2016,4563
"17525",415000,"Powiat toruński",2016,0
"17526",416000,"Powiat tucholski",2016,0
"17527",417000,"Powiat wąbrzeski",2016,0
"17528",418000,"Powiat włocławski",2016,0
"17529",419000,"Powiat żniński",2016,0
"17530",461000,"Powiat m.Bydgoszcz",2016,4930
"17531",462000,"Powiat m.Grudziądz",2016,0
"17532",463000,"Powiat m.Toruń",2016,0
"17533",464000,"Powiat m.Włocławek",2016,3645
"17534",601000,"Powiat bialski",2016,0
"17535",602000,"Powiat biłgorajski",2016,0
"17536",603000,"Powiat chełmski",2016,0
"17537",604000,"Powiat hrubieszowski",2016,0
"17538",605000,"Powiat janowski",2016,0
"17539",606000,"Powiat krasnostawski",2016,0
"17540",607000,"Powiat kraśnicki",2016,0
"17541",608000,"Powiat lubartowski",2016,0
"17542",609000,"Powiat lubelski",2016,4385
"17543",610000,"Powiat łęczyński",2016,0
"17544",611000,"Powiat łukowski",2016,0
"17545",612000,"Powiat opolski",2016,0
"17546",613000,"Powiat parczewski",2016,0
"17547",614000,"Powiat puławski",2016,4391
"17548",615000,"Powiat radzyński",2016,0
"17549",616000,"Powiat rycki",2016,0
"17550",617000,"Powiat świdnicki",2016,0
"17551",618000,"Powiat tomaszowski",2016,0
"17552",619000,"Powiat włodawski",2016,0
"17553",620000,"Powiat zamojski",2016,0
"17554",661000,"Powiat m.Biała Podlaska",2016,0
"17555",662000,"Powiat m.Chełm",2016,0
"17556",663000,"Powiat m.Lublin",2016,5083
"17557",664000,"Powiat m.Zamość",2016,0
"17558",801000,"Powiat gorzowski",2016,0
"17559",802000,"Powiat krośnieński",2016,0
"17560",803000,"Powiat międzyrzecki",2016,0
"17561",804000,"Powiat nowosolski",2016,0
"17562",805000,"Powiat słubicki",2016,3584
"17563",806000,"Powiat strzelecko-drezdenecki",2016,0
"17564",807000,"Powiat sulęciński",2016,0
"17565",808000,"Powiat świebodziński",2016,3146
"17566",809000,"Powiat zielonogórski",2016,0
"17567",810000,"Powiat żagański",2016,0
"17568",811000,"Powiat żarski",2016,0
"17569",812000,"Powiat wschowski",2016,0
"17570",861000,"Powiat m.Gorzów Wielkopolski",2016,3482
"17571",862000,"Powiat m.Zielona Góra",2016,0
"17572",1001000,"Powiat bełchatowski",2016,0
"17573",1002000,"Powiat kutnowski",2016,0
"17574",1003000,"Powiat łaski",2016,0
"17575",1004000,"Powiat łęczycki",2016,0
"17576",1005000,"Powiat łowicki",2016,0
"17577",1006000,"Powiat łódzki wschodni",2016,0
"17578",1007000,"Powiat opoczyński",2016,0
"17579",1008000,"Powiat pabianicki",2016,3881
"17580",1009000,"Powiat pajęczański",2016,0
"17581",1010000,"Powiat piotrkowski",2016,0
"17582",1011000,"Powiat poddębicki",2016,0
"17583",1012000,"Powiat radomszczański",2016,0
"17584",1013000,"Powiat rawski",2016,0
"17585",1014000,"Powiat sieradzki",2016,0
"17586",1015000,"Powiat skierniewicki",2016,0
"17587",1016000,"Powiat tomaszowski",2016,3781
"17588",1017000,"Powiat wieluński",2016,0
"17589",1018000,"Powiat wieruszowski",2016,0
"17590",1019000,"Powiat zduńskowolski",2016,0
"17591",1020000,"Powiat zgierski",2016,3672
"17592",1021000,"Powiat brzeziński",2016,0
"17593",1061000,"Powiat m.Łódź",2016,4216
"17594",1062000,"Powiat m.Piotrków Trybunalski",2016,4033
"17595",1063000,"Powiat m.Skierniewice",2016,0
"17596",1201000,"Powiat bocheński",2016,0
"17597",1202000,"Powiat brzeski",2016,0
"17598",1203000,"Powiat chrzanowski",2016,0
"17599",1204000,"Powiat dąbrowski",2016,0
"17600",1205000,"Powiat gorlicki",2016,0
"17601",1206000,"Powiat krakowski",2016,4379
"17602",1207000,"Powiat limanowski",2016,0
"17603",1208000,"Powiat miechowski",2016,0
"17604",1209000,"Powiat myślenicki",2016,4544
"17605",1210000,"Powiat nowosądecki",2016,0
"17606",1211000,"Powiat nowotarski",2016,4327
"17607",1212000,"Powiat olkuski",2016,0
"17608",1213000,"Powiat oświęcimski",2016,0
"17609",1214000,"Powiat proszowicki",2016,0
"17610",1215000,"Powiat suski",2016,0
"17611",1216000,"Powiat tarnowski",2016,0
"17612",1217000,"Powiat tatrzański",2016,9272
"17613",1218000,"Powiat wadowicki",2016,0
"17614",1219000,"Powiat wielicki",2016,4157
"17615",1261000,"Powiat m.Kraków",2016,6353
"17616",1262000,"Powiat m.Nowy Sącz",2016,0
"17617",1263000,"Powiat m.Tarnów",2016,2867
"17618",1401000,"Powiat białobrzeski",2016,0
"17619",1402000,"Powiat ciechanowski",2016,0
"17620",1403000,"Powiat garwoliński",2016,0
"17621",1404000,"Powiat gostyniński",2016,0
"17622",1405000,"Powiat grodziski",2016,3320
"17623",1406000,"Powiat grójecki",2016,0
"17624",1407000,"Powiat kozienicki",2016,0
"17625",1408000,"Powiat legionowski",2016,3946
"17626",1409000,"Powiat lipski",2016,0
"17627",1410000,"Powiat łosicki",2016,0
"17628",1411000,"Powiat makowski",2016,0
"17629",1412000,"Powiat miński",2016,3163
"17630",1413000,"Powiat mławski",2016,2716
"17631",1414000,"Powiat nowodworski",2016,3509
"17632",1415000,"Powiat ostrołęcki",2016,0
"17633",1416000,"Powiat ostrowski",2016,0
"17634",1417000,"Powiat otwocki",2016,3620
"17635",1418000,"Powiat piaseczyński",2016,4187
"17636",1419000,"Powiat płocki",2016,0
"17637",1420000,"Powiat płoński",2016,0
"17638",1421000,"Powiat pruszkowski",2016,4254
"17639",1422000,"Powiat przasnyski",2016,0
"17640",1423000,"Powiat przysuski",2016,0
"17641",1424000,"Powiat pułtuski",2016,0
"17642",1425000,"Powiat radomski",2016,0
"17643",1426000,"Powiat siedlecki",2016,0
"17644",1427000,"Powiat sierpecki",2016,0
"17645",1428000,"Powiat sochaczewski",2016,0
"17646",1429000,"Powiat sokołowski",2016,0
"17647",1430000,"Powiat szydłowiecki",2016,0
"17648",1432000,"Powiat warszawski zachodni",2016,4749
"17649",1433000,"Powiat węgrowski",2016,0
"17650",1434000,"Powiat wołomiński",2016,3362
"17651",1435000,"Powiat wyszkowski",2016,0
"17652",1436000,"Powiat zwoleński",2016,0
"17653",1437000,"Powiat żuromiński",2016,0
"17654",1438000,"Powiat żyrardowski",2016,5679
"17655",1461000,"Powiat m.Ostrołęka",2016,0
"17656",1462000,"Powiat m.Płock",2016,4377
"17657",1463000,"Powiat m.Radom",2016,4493
"17658",1464000,"Powiat m.Siedlce",2016,4069
"17659",1465000,"Powiat m. st. Warszawa",2016,7757
"17660",1601000,"Powiat brzeski",2016,0
"17661",1602000,"Powiat głubczycki",2016,0
"17662",1603000,"Powiat kędzierzyńsko-kozielski",2016,0
"17663",1604000,"Powiat kluczborski",2016,0
"17664",1605000,"Powiat krapkowicki",2016,0
"17665",1606000,"Powiat namysłowski",2016,0
"17666",1607000,"Powiat nyski",2016,0
"17667",1608000,"Powiat oleski",2016,0
"17668",1609000,"Powiat opolski",2016,0
"17669",1610000,"Powiat prudnicki",2016,0
"17670",1611000,"Powiat strzelecki",2016,0
"17671",1661000,"Powiat m.Opole",2016,4227
"17672",1801000,"Powiat bieszczadzki",2016,0
"17673",1802000,"Powiat brzozowski",2016,0
"17674",1803000,"Powiat dębicki",2016,0
"17675",1804000,"Powiat jarosławski",2016,0
"17676",1805000,"Powiat jasielski",2016,0
"17677",1806000,"Powiat kolbuszowski",2016,0
"17678",1807000,"Powiat krośnieński",2016,0
"17679",1808000,"Powiat leżajski",2016,0
"17680",1809000,"Powiat lubaczowski",2016,0
"17681",1810000,"Powiat łańcucki",2016,0
"17682",1811000,"Powiat mielecki",2016,0
"17683",1812000,"Powiat niżański",2016,0
"17684",1813000,"Powiat przemyski",2016,0
"17685",1814000,"Powiat przeworski",2016,0
"17686",1815000,"Powiat ropczycko-sędziszowski",2016,0
"17687",1816000,"Powiat rzeszowski",2016,3253
"17688",1817000,"Powiat sanocki",2016,0
"17689",1818000,"Powiat stalowowolski",2016,0
"17690",1819000,"Powiat strzyżowski",2016,0
"17691",1820000,"Powiat tarnobrzeski",2016,0
"17692",1821000,"Powiat leski",2016,0
"17693",1861000,"Powiat m.Krosno",2016,0
"17694",1862000,"Powiat m.Przemyśl",2016,3545
"17695",1863000,"Powiat m.Rzeszów",2016,4216
"17696",1864000,"Powiat m.Tarnobrzeg",2016,0
"17697",2001000,"Powiat augustowski",2016,0
"17698",2002000,"Powiat białostocki",2016,3351
"17699",2003000,"Powiat bielski",2016,0
"17700",2004000,"Powiat grajewski",2016,0
"17701",2005000,"Powiat hajnowski",2016,0
"17702",2006000,"Powiat kolneński",2016,0
"17703",2007000,"Powiat łomżyński",2016,0
"17704",2008000,"Powiat moniecki",2016,0
"17705",2009000,"Powiat sejneński",2016,0
"17706",2010000,"Powiat siemiatycki",2016,0
"17707",2011000,"Powiat sokólski",2016,0
"17708",2012000,"Powiat suwalski",2016,0
"17709",2013000,"Powiat wysokomazowiecki",2016,0
"17710",2014000,"Powiat zambrowski",2016,0
"17711",2061000,"Powiat m.Białystok",2016,4299
"17712",2062000,"Powiat m.Łomża",2016,3010
"17713",2063000,"Powiat m.Suwałki",2016,0
"17714",2201000,"Powiat bytowski",2016,0
"17715",2202000,"Powiat chojnicki",2016,0
"17716",2203000,"Powiat człuchowski",2016,0
"17717",2204000,"Powiat gdański",2016,4178
"17718",2205000,"Powiat kartuski",2016,3326
"17719",2206000,"Powiat kościerski",2016,0
"17720",2207000,"Powiat kwidzyński",2016,0
"17721",2208000,"Powiat lęborski",2016,3117
"17722",2209000,"Powiat malborski",2016,0
"17723",2210000,"Powiat nowodworski",2016,0
"17724",2211000,"Powiat pucki",2016,4590
"17725",2212000,"Powiat słupski",2016,6515
"17726",2213000,"Powiat starogardzki",2016,0
"17727",2214000,"Powiat tczewski",2016,3940
"17728",2215000,"Powiat wejherowski",2016,3020
"17729",2216000,"Powiat sztumski",2016,0
"17730",2261000,"Powiat m.Gdańsk",2016,6238
"17731",2262000,"Powiat m.Gdynia",2016,6165
"17732",2263000,"Powiat m.Słupsk",2016,3637
"17733",2264000,"Powiat m.Sopot",2016,8797
"17734",2401000,"Powiat będziński",2016,0
"17735",2402000,"Powiat bielski",2016,2455
"17736",2403000,"Powiat cieszyński",2016,3086
"17737",2404000,"Powiat częstochowski",2016,0
"17738",2405000,"Powiat gliwicki",2016,0
"17739",2406000,"Powiat kłobucki",2016,0
"17740",2407000,"Powiat lubliniecki",2016,2557
"17741",2408000,"Powiat mikołowski",2016,0
"17742",2409000,"Powiat myszkowski",2016,0
"17743",2410000,"Powiat pszczyński",2016,3123
"17744",2411000,"Powiat raciborski",2016,0
"17745",2412000,"Powiat rybnicki",2016,0
"17746",2413000,"Powiat tarnogórski",2016,3182
"17747",2414000,"Powiat bieruńsko-lędziński",2016,2744
"17748",2415000,"Powiat wodzisławski",2016,0
"17749",2416000,"Powiat zawierciański",2016,0
"17750",2417000,"Powiat żywiecki",2016,0
"17751",2461000,"Powiat m.Bielsko-Biała",2016,3243
"17752",2462000,"Powiat m.Bytom",2016,0
"17753",2463000,"Powiat m.Chorzów",2016,0
"17754",2464000,"Powiat m.Częstochowa",2016,4575
"17755",2465000,"Powiat m.Dąbrowa Górnicza",2016,3179
"17756",2466000,"Powiat m.Gliwice",2016,4708
"17757",2467000,"Powiat m.Jastrzębie-Zdrój",2016,0
"17758",2468000,"Powiat m.Jaworzno",2016,3483
"17759",2469000,"Powiat m.Katowice",2016,4701
"17760",2470000,"Powiat m.Mysłowice",2016,3134
"17761",2471000,"Powiat m.Piekary Śląskie",2016,0
"17762",2472000,"Powiat m.Ruda Śląska",2016,0
"17763",2473000,"Powiat m.Rybnik",2016,0
"17764",2474000,"Powiat m.Siemianowice Śląskie",2016,2634
"17765",2475000,"Powiat m.Sosnowiec",2016,0
"17766",2476000,"Powiat m.Świętochłowice",2016,3616
"17767",2477000,"Powiat m.Tychy",2016,4342
"17768",2478000,"Powiat m.Zabrze",2016,0
"17769",2479000,"Powiat m.Żory",2016,2430
"17770",2601000,"Powiat buski",2016,0
"17771",2602000,"Powiat jędrzejowski",2016,0
"17772",2603000,"Powiat kazimierski",2016,0
"17773",2604000,"Powiat kielecki",2016,0
"17774",2605000,"Powiat konecki",2016,2324
"17775",2606000,"Powiat opatowski",2016,0
"17776",2607000,"Powiat ostrowiecki",2016,3334
"17777",2608000,"Powiat pińczowski",2016,0
"17778",2609000,"Powiat sandomierski",2016,0
"17779",2610000,"Powiat skarżyski",2016,0
"17780",2611000,"Powiat starachowicki",2016,0
"17781",2612000,"Powiat staszowski",2016,0
"17782",2613000,"Powiat włoszczowski",2016,0
"17783",2661000,"Powiat m.Kielce",2016,4811
"17784",2801000,"Powiat bartoszycki",2016,0
"17785",2802000,"Powiat braniewski",2016,0
"17786",2803000,"Powiat działdowski",2016,0
"17787",2804000,"Powiat elbląski",2016,0
"17788",2805000,"Powiat ełcki",2016,3321
"17789",2806000,"Powiat giżycki",2016,0
"17790",2807000,"Powiat iławski",2016,0
"17791",2808000,"Powiat kętrzyński",2016,0
"17792",2809000,"Powiat lidzbarski",2016,0
"17793",2810000,"Powiat mrągowski",2016,0
"17794",2811000,"Powiat nidzicki",2016,0
"17795",2812000,"Powiat nowomiejski",2016,0
"17796",2813000,"Powiat olecki",2016,0
"17797",2814000,"Powiat olsztyński",2016,2799
"17798",2815000,"Powiat ostródzki",2016,0
"17799",2816000,"Powiat piski",2016,0
"17800",2817000,"Powiat szczycieński",2016,0
"17801",2818000,"Powiat gołdapski",2016,0
"17802",2819000,"Powiat węgorzewski",2016,0
"17803",2861000,"Powiat m.Elbląg",2016,4999
"17804",2862000,"Powiat m.Olsztyn",2016,4853
"17805",3001000,"Powiat chodzieski",2016,0
"17806",3002000,"Powiat czarnkowsko-trzcianecki",2016,0
"17807",3003000,"Powiat gnieźnieński",2016,0
"17808",3004000,"Powiat gostyński",2016,2233
"17809",3005000,"Powiat grodziski",2016,0
"17810",3006000,"Powiat jarociński",2016,0
"17811",3007000,"Powiat kaliski",2016,0
"17812",3008000,"Powiat kępiński",2016,0
"17813",3009000,"Powiat kolski",2016,0
"17814",3010000,"Powiat koniński",2016,0
"17815",3011000,"Powiat kościański",2016,0
"17816",3012000,"Powiat krotoszyński",2016,0
"17817",3013000,"Powiat leszczyński",2016,0
"17818",3014000,"Powiat międzychodzki",2016,0
"17819",3015000,"Powiat nowotomyski",2016,0
"17820",3016000,"Powiat obornicki",2016,3816
"17821",3017000,"Powiat ostrowski",2016,0
"17822",3018000,"Powiat ostrzeszowski",2016,0
"17823",3019000,"Powiat pilski",2016,3811
"17824",3020000,"Powiat pleszewski",2016,0
"17825",3021000,"Powiat poznański",2016,3642
"17826",3022000,"Powiat rawicki",2016,0
"17827",3023000,"Powiat słupecki",2016,0
"17828",3024000,"Powiat szamotulski",2016,2526
"17829",3025000,"Powiat średzki",2016,2799
"17830",3026000,"Powiat śremski",2016,3048
"17831",3027000,"Powiat turecki",2016,0
"17832",3028000,"Powiat wągrowiecki",2016,0
"17833",3029000,"Powiat wolsztyński",2016,0
"17834",3030000,"Powiat wrzesiński",2016,3396
"17835",3031000,"Powiat złotowski",2016,0
"17836",3061000,"Powiat m.Kalisz",2016,3493
"17837",3062000,"Powiat m.Konin",2016,2904
"17838",3063000,"Powiat m.Leszno",2016,2684
"17839",3064000,"Powiat m.Poznań",2016,6128
"17840",3201000,"Powiat białogardzki",2016,0
"17841",3202000,"Powiat choszczeński",2016,0
"17842",3203000,"Powiat drawski",2016,0
"17843",3204000,"Powiat goleniowski",2016,0
"17844",3205000,"Powiat gryficki",2016,0
"17845",3206000,"Powiat gryfiński",2016,0
"17846",3207000,"Powiat kamieński",2016,8184
"17847",3208000,"Powiat kołobrzeski",2016,7178
"17848",3209000,"Powiat koszaliński",2016,12164
"17849",3210000,"Powiat myśliborski",2016,0
"17850",3211000,"Powiat policki",2016,4633
"17851",3212000,"Powiat pyrzycki",2016,0
"17852",3213000,"Powiat sławieński",2016,0
"17853",3214000,"Powiat stargardzki",2016,0
"17854",3215000,"Powiat szczecinecki",2016,0
"17855",3216000,"Powiat świdwiński",2016,0
"17856",3217000,"Powiat wałecki",2016,0
"17857",3218000,"Powiat łobeski",2016,0
"17858",3261000,"Powiat m.Koszalin",2016,0
"17859",3262000,"Powiat m.Szczecin",2016,4538
"17860",3263000,"Powiat m.Świnoujście",2016,0
"17861",201000,"Powiat bolesławiecki",2017,0
"17862",202000,"Powiat dzierżoniowski",2017,0
"17863",203000,"Powiat głogowski",2017,4286
"17864",204000,"Powiat górowski",2017,0
"17865",205000,"Powiat jaworski",2017,0
"17866",206000,"Powiat jeleniogórski",2017,0
"17867",207000,"Powiat kamiennogórski",2017,0
"17868",208000,"Powiat kłodzki",2017,2519
"17869",209000,"Powiat legnicki",2017,0
"17870",210000,"Powiat lubański",2017,0
"17871",211000,"Powiat lubiński",2017,3918
"17872",212000,"Powiat lwówecki",2017,0
"17873",213000,"Powiat milicki",2017,0
"17874",214000,"Powiat oleśnicki",2017,3898
"17875",215000,"Powiat oławski",2017,3467
"17876",216000,"Powiat polkowicki",2017,4378
"17877",217000,"Powiat strzeliński",2017,0
"17878",218000,"Powiat średzki",2017,0
"17879",219000,"Powiat świdnicki",2017,3335
"17880",220000,"Powiat trzebnicki",2017,0
"17881",221000,"Powiat wałbrzyski",2017,3259
"17882",222000,"Powiat wołowski",2017,2979
"17883",223000,"Powiat wrocławski",2017,3570
"17884",224000,"Powiat ząbkowicki",2017,0
"17885",225000,"Powiat zgorzelecki",2017,0
"17886",226000,"Powiat złotoryjski",2017,0
"17887",261000,"Powiat m.Jelenia Góra",2017,3339
"17888",262000,"Powiat m.Legnica",2017,3532
"17889",264000,"Powiat m.Wrocław",2017,5327
"17890",265000,"Powiat m.Wałbrzych od 2013",2017,0
"17891",401000,"Powiat aleksandrowski",2017,0
"17892",402000,"Powiat brodnicki",2017,0
"17893",403000,"Powiat bydgoski",2017,4395
"17894",404000,"Powiat chełmiński",2017,0
"17895",405000,"Powiat golubsko-dobrzyński",2017,0
"17896",406000,"Powiat grudziądzki",2017,0
"17897",407000,"Powiat inowrocławski",2017,4600
"17898",408000,"Powiat lipnowski",2017,0
"17899",409000,"Powiat mogileński",2017,0
"17900",410000,"Powiat nakielski",2017,0
"17901",411000,"Powiat radziejowski",2017,0
"17902",412000,"Powiat rypiński",2017,0
"17903",413000,"Powiat sępoleński",2017,0
"17904",414000,"Powiat świecki",2017,3008
"17905",415000,"Powiat toruński",2017,2737
"17906",416000,"Powiat tucholski",2017,0
"17907",417000,"Powiat wąbrzeski",2017,0
"17908",418000,"Powiat włocławski",2017,0
"17909",419000,"Powiat żniński",2017,0
"17910",461000,"Powiat m.Bydgoszcz",2017,4834
"17911",462000,"Powiat m.Grudziądz",2017,2859
"17912",463000,"Powiat m.Toruń",2017,4678
"17913",464000,"Powiat m.Włocławek",2017,3208
"17914",601000,"Powiat bialski",2017,0
"17915",602000,"Powiat biłgorajski",2017,3218
"17916",603000,"Powiat chełmski",2017,0
"17917",604000,"Powiat hrubieszowski",2017,0
"17918",605000,"Powiat janowski",2017,0
"17919",606000,"Powiat krasnostawski",2017,0
"17920",607000,"Powiat kraśnicki",2017,0
"17921",608000,"Powiat lubartowski",2017,0
"17922",609000,"Powiat lubelski",2017,0
"17923",610000,"Powiat łęczyński",2017,0
"17924",611000,"Powiat łukowski",2017,0
"17925",612000,"Powiat opolski",2017,0
"17926",613000,"Powiat parczewski",2017,0
"17927",614000,"Powiat puławski",2017,4608
"17928",615000,"Powiat radzyński",2017,0
"17929",616000,"Powiat rycki",2017,0
"17930",617000,"Powiat świdnicki",2017,0
"17931",618000,"Powiat tomaszowski",2017,0
"17932",619000,"Powiat włodawski",2017,0
"17933",620000,"Powiat zamojski",2017,0
"17934",661000,"Powiat m.Biała Podlaska",2017,3151
"17935",662000,"Powiat m.Chełm",2017,0
"17936",663000,"Powiat m.Lublin",2017,5357
"17937",664000,"Powiat m.Zamość",2017,3550
"17938",801000,"Powiat gorzowski",2017,0
"17939",802000,"Powiat krośnieński",2017,0
"17940",803000,"Powiat międzyrzecki",2017,0
"17941",804000,"Powiat nowosolski",2017,0
"17942",805000,"Powiat słubicki",2017,3598
"17943",806000,"Powiat strzelecko-drezdenecki",2017,2380
"17944",807000,"Powiat sulęciński",2017,0
"17945",808000,"Powiat świebodziński",2017,0
"17946",809000,"Powiat zielonogórski",2017,0
"17947",810000,"Powiat żagański",2017,0
"17948",811000,"Powiat żarski",2017,0
"17949",812000,"Powiat wschowski",2017,0
"17950",861000,"Powiat m.Gorzów Wielkopolski",2017,3078
"17951",862000,"Powiat m.Zielona Góra",2017,3355
"17952",1001000,"Powiat bełchatowski",2017,0
"17953",1002000,"Powiat kutnowski",2017,0
"17954",1003000,"Powiat łaski",2017,0
"17955",1004000,"Powiat łęczycki",2017,0
"17956",1005000,"Powiat łowicki",2017,0
"17957",1006000,"Powiat łódzki wschodni",2017,0
"17958",1007000,"Powiat opoczyński",2017,0
"17959",1008000,"Powiat pabianicki",2017,3251
"17960",1009000,"Powiat pajęczański",2017,0
"17961",1010000,"Powiat piotrkowski",2017,0
"17962",1011000,"Powiat poddębicki",2017,0
"17963",1012000,"Powiat radomszczański",2017,0
"17964",1013000,"Powiat rawski",2017,0
"17965",1014000,"Powiat sieradzki",2017,2874
"17966",1015000,"Powiat skierniewicki",2017,0
"17967",1016000,"Powiat tomaszowski",2017,3753
"17968",1017000,"Powiat wieluński",2017,0
"17969",1018000,"Powiat wieruszowski",2017,0
"17970",1019000,"Powiat zduńskowolski",2017,0
"17971",1020000,"Powiat zgierski",2017,4019
"17972",1021000,"Powiat brzeziński",2017,0
"17973",1061000,"Powiat m.Łódź",2017,4668
"17974",1062000,"Powiat m.Piotrków Trybunalski",2017,0
"17975",1063000,"Powiat m.Skierniewice",2017,0
"17976",1201000,"Powiat bocheński",2017,4130
"17977",1202000,"Powiat brzeski",2017,0
"17978",1203000,"Powiat chrzanowski",2017,0
"17979",1204000,"Powiat dąbrowski",2017,0
"17980",1205000,"Powiat gorlicki",2017,0
"17981",1206000,"Powiat krakowski",2017,4202
"17982",1207000,"Powiat limanowski",2017,0
"17983",1208000,"Powiat miechowski",2017,0
"17984",1209000,"Powiat myślenicki",2017,0
"17985",1210000,"Powiat nowosądecki",2017,4600
"17986",1211000,"Powiat nowotarski",2017,5872
"17987",1212000,"Powiat olkuski",2017,0
"17988",1213000,"Powiat oświęcimski",2017,3506
"17989",1214000,"Powiat proszowicki",2017,0
"17990",1215000,"Powiat suski",2017,0
"17991",1216000,"Powiat tarnowski",2017,0
"17992",1217000,"Powiat tatrzański",2017,8876
"17993",1218000,"Powiat wadowicki",2017,3713
"17994",1219000,"Powiat wielicki",2017,3764
"17995",1261000,"Powiat m.Kraków",2017,6998
"17996",1262000,"Powiat m.Nowy Sącz",2017,0
"17997",1263000,"Powiat m.Tarnów",2017,2980
"17998",1401000,"Powiat białobrzeski",2017,0
"17999",1402000,"Powiat ciechanowski",2017,0
"18000",1403000,"Powiat garwoliński",2017,0
"18001",1404000,"Powiat gostyniński",2017,0
"18002",1405000,"Powiat grodziski",2017,3661
"18003",1406000,"Powiat grójecki",2017,2942
"18004",1407000,"Powiat kozienicki",2017,0
"18005",1408000,"Powiat legionowski",2017,3744
"18006",1409000,"Powiat lipski",2017,0
"18007",1410000,"Powiat łosicki",2017,0
"18008",1411000,"Powiat makowski",2017,0
"18009",1412000,"Powiat miński",2017,3227
"18010",1413000,"Powiat mławski",2017,0
"18011",1414000,"Powiat nowodworski",2017,3790
"18012",1415000,"Powiat ostrołęcki",2017,0
"18013",1416000,"Powiat ostrowski",2017,0
"18014",1417000,"Powiat otwocki",2017,3520
"18015",1418000,"Powiat piaseczyński",2017,4851
"18016",1419000,"Powiat płocki",2017,0
"18017",1420000,"Powiat płoński",2017,0
"18018",1421000,"Powiat pruszkowski",2017,4730
"18019",1422000,"Powiat przasnyski",2017,0
"18020",1423000,"Powiat przysuski",2017,0
"18021",1424000,"Powiat pułtuski",2017,0
"18022",1425000,"Powiat radomski",2017,0
"18023",1426000,"Powiat siedlecki",2017,0
"18024",1427000,"Powiat sierpecki",2017,0
"18025",1428000,"Powiat sochaczewski",2017,0
"18026",1429000,"Powiat sokołowski",2017,0
"18027",1430000,"Powiat szydłowiecki",2017,0
"18028",1432000,"Powiat warszawski zachodni",2017,4377
"18029",1433000,"Powiat węgrowski",2017,0
"18030",1434000,"Powiat wołomiński",2017,3749
"18031",1435000,"Powiat wyszkowski",2017,0
"18032",1436000,"Powiat zwoleński",2017,0
"18033",1437000,"Powiat żuromiński",2017,2940
"18034",1438000,"Powiat żyrardowski",2017,4488
"18035",1461000,"Powiat m.Ostrołęka",2017,3784
"18036",1462000,"Powiat m.Płock",2017,4429
"18037",1463000,"Powiat m.Radom",2017,4005
"18038",1464000,"Powiat m.Siedlce",2017,3833
"18039",1465000,"Powiat m. st. Warszawa",2017,8089
"18040",1601000,"Powiat brzeski",2017,0
"18041",1602000,"Powiat głubczycki",2017,0
"18042",1603000,"Powiat kędzierzyńsko-kozielski",2017,0
"18043",1604000,"Powiat kluczborski",2017,3066
"18044",1605000,"Powiat krapkowicki",2017,3383
"18045",1606000,"Powiat namysłowski",2017,0
"18046",1607000,"Powiat nyski",2017,3150
"18047",1608000,"Powiat oleski",2017,0
"18048",1609000,"Powiat opolski",2017,0
"18049",1610000,"Powiat prudnicki",2017,0
"18050",1611000,"Powiat strzelecki",2017,0
"18051",1661000,"Powiat m.Opole",2017,3891
"18052",1801000,"Powiat bieszczadzki",2017,0
"18053",1802000,"Powiat brzozowski",2017,0
"18054",1803000,"Powiat dębicki",2017,0
"18055",1804000,"Powiat jarosławski",2017,3076
"18056",1805000,"Powiat jasielski",2017,0
"18057",1806000,"Powiat kolbuszowski",2017,0
"18058",1807000,"Powiat krośnieński",2017,0
"18059",1808000,"Powiat leżajski",2017,0
"18060",1809000,"Powiat lubaczowski",2017,0
"18061",1810000,"Powiat łańcucki",2017,0
"18062",1811000,"Powiat mielecki",2017,3296
"18063",1812000,"Powiat niżański",2017,0
"18064",1813000,"Powiat przemyski",2017,0
"18065",1814000,"Powiat przeworski",2017,0
"18066",1815000,"Powiat ropczycko-sędziszowski",2017,0
"18067",1816000,"Powiat rzeszowski",2017,0
"18068",1817000,"Powiat sanocki",2017,0
"18069",1818000,"Powiat stalowowolski",2017,4491
"18070",1819000,"Powiat strzyżowski",2017,0
"18071",1820000,"Powiat tarnobrzeski",2017,0
"18072",1821000,"Powiat leski",2017,0
"18073",1861000,"Powiat m.Krosno",2017,0
"18074",1862000,"Powiat m.Przemyśl",2017,3693
"18075",1863000,"Powiat m.Rzeszów",2017,4303
"18076",1864000,"Powiat m.Tarnobrzeg",2017,0
"18077",2001000,"Powiat augustowski",2017,0
"18078",2002000,"Powiat białostocki",2017,2737
"18079",2003000,"Powiat bielski",2017,0
"18080",2004000,"Powiat grajewski",2017,0
"18081",2005000,"Powiat hajnowski",2017,0
"18082",2006000,"Powiat kolneński",2017,0
"18083",2007000,"Powiat łomżyński",2017,0
"18084",2008000,"Powiat moniecki",2017,0
"18085",2009000,"Powiat sejneński",2017,0
"18086",2010000,"Powiat siemiatycki",2017,0
"18087",2011000,"Powiat sokólski",2017,0
"18088",2012000,"Powiat suwalski",2017,0
"18089",2013000,"Powiat wysokomazowiecki",2017,0
"18090",2014000,"Powiat zambrowski",2017,0
"18091",2061000,"Powiat m.Białystok",2017,5007
"18092",2062000,"Powiat m.Łomża",2017,0
"18093",2063000,"Powiat m.Suwałki",2017,3923
"18094",2201000,"Powiat bytowski",2017,0
"18095",2202000,"Powiat chojnicki",2017,3449
"18096",2203000,"Powiat człuchowski",2017,0
"18097",2204000,"Powiat gdański",2017,3674
"18098",2205000,"Powiat kartuski",2017,3464
"18099",2206000,"Powiat kościerski",2017,0
"18100",2207000,"Powiat kwidzyński",2017,0
"18101",2208000,"Powiat lęborski",2017,2561
"18102",2209000,"Powiat malborski",2017,0
"18103",2210000,"Powiat nowodworski",2017,0
"18104",2211000,"Powiat pucki",2017,3873
"18105",2212000,"Powiat słupski",2017,3324
"18106",2213000,"Powiat starogardzki",2017,0
"18107",2214000,"Powiat tczewski",2017,0
"18108",2215000,"Powiat wejherowski",2017,3878
"18109",2216000,"Powiat sztumski",2017,0
"18110",2261000,"Powiat m.Gdańsk",2017,6645
"18111",2262000,"Powiat m.Gdynia",2017,6242
"18112",2263000,"Powiat m.Słupsk",2017,3264
"18113",2264000,"Powiat m.Sopot",2017,12349
"18114",2401000,"Powiat będziński",2017,4113
"18115",2402000,"Powiat bielski",2017,2502
"18116",2403000,"Powiat cieszyński",2017,3252
"18117",2404000,"Powiat częstochowski",2017,0
"18118",2405000,"Powiat gliwicki",2017,3044
"18119",2406000,"Powiat kłobucki",2017,3550
"18120",2407000,"Powiat lubliniecki",2017,2497
"18121",2408000,"Powiat mikołowski",2017,4678
"18122",2409000,"Powiat myszkowski",2017,0
"18123",2410000,"Powiat pszczyński",2017,0
"18124",2411000,"Powiat raciborski",2017,0
"18125",2412000,"Powiat rybnicki",2017,0
"18126",2413000,"Powiat tarnogórski",2017,3319
"18127",2414000,"Powiat bieruńsko-lędziński",2017,0
"18128",2415000,"Powiat wodzisławski",2017,0
"18129",2416000,"Powiat zawierciański",2017,0
"18130",2417000,"Powiat żywiecki",2017,0
"18131",2461000,"Powiat m.Bielsko-Biała",2017,3986
"18132",2462000,"Powiat m.Bytom",2017,0
"18133",2463000,"Powiat m.Chorzów",2017,3922
"18134",2464000,"Powiat m.Częstochowa",2017,4595
"18135",2465000,"Powiat m.Dąbrowa Górnicza",2017,3216
"18136",2466000,"Powiat m.Gliwice",2017,4721
"18137",2467000,"Powiat m.Jastrzębie-Zdrój",2017,0
"18138",2468000,"Powiat m.Jaworzno",2017,0
"18139",2469000,"Powiat m.Katowice",2017,3560
"18140",2470000,"Powiat m.Mysłowice",2017,3475
"18141",2471000,"Powiat m.Piekary Śląskie",2017,0
"18142",2472000,"Powiat m.Ruda Śląska",2017,0
"18143",2473000,"Powiat m.Rybnik",2017,3508
"18144",2474000,"Powiat m.Siemianowice Śląskie",2017,4432
"18145",2475000,"Powiat m.Sosnowiec",2017,3696
"18146",2476000,"Powiat m.Świętochłowice",2017,3702
"18147",2477000,"Powiat m.Tychy",2017,4120
"18148",2478000,"Powiat m.Zabrze",2017,4005
"18149",2479000,"Powiat m.Żory",2017,0
"18150",2601000,"Powiat buski",2017,0
"18151",2602000,"Powiat jędrzejowski",2017,0
"18152",2603000,"Powiat kazimierski",2017,0
"18153",2604000,"Powiat kielecki",2017,0
"18154",2605000,"Powiat konecki",2017,2477
"18155",2606000,"Powiat opatowski",2017,0
"18156",2607000,"Powiat ostrowiecki",2017,0
"18157",2608000,"Powiat pińczowski",2017,0
"18158",2609000,"Powiat sandomierski",2017,0
"18159",2610000,"Powiat skarżyski",2017,0
"18160",2611000,"Powiat starachowicki",2017,0
"18161",2612000,"Powiat staszowski",2017,0
"18162",2613000,"Powiat włoszczowski",2017,0
"18163",2661000,"Powiat m.Kielce",2017,4297
"18164",2801000,"Powiat bartoszycki",2017,0
"18165",2802000,"Powiat braniewski",2017,0
"18166",2803000,"Powiat działdowski",2017,0
"18167",2804000,"Powiat elbląski",2017,0
"18168",2805000,"Powiat ełcki",2017,3785
"18169",2806000,"Powiat giżycki",2017,3592
"18170",2807000,"Powiat iławski",2017,0
"18171",2808000,"Powiat kętrzyński",2017,0
"18172",2809000,"Powiat lidzbarski",2017,0
"18173",2810000,"Powiat mrągowski",2017,0
"18174",2811000,"Powiat nidzicki",2017,0
"18175",2812000,"Powiat nowomiejski",2017,0
"18176",2813000,"Powiat olecki",2017,0
"18177",2814000,"Powiat olsztyński",2017,3800
"18178",2815000,"Powiat ostródzki",2017,0
"18179",2816000,"Powiat piski",2017,0
"18180",2817000,"Powiat szczycieński",2017,0
"18181",2818000,"Powiat gołdapski",2017,0
"18182",2819000,"Powiat węgorzewski",2017,0
"18183",2861000,"Powiat m.Elbląg",2017,4369
"18184",2862000,"Powiat m.Olsztyn",2017,4508
"18185",3001000,"Powiat chodzieski",2017,0
"18186",3002000,"Powiat czarnkowsko-trzcianecki",2017,0
"18187",3003000,"Powiat gnieźnieński",2017,2818
"18188",3004000,"Powiat gostyński",2017,2330
"18189",3005000,"Powiat grodziski",2017,0
"18190",3006000,"Powiat jarociński",2017,0
"18191",3007000,"Powiat kaliski",2017,0
"18192",3008000,"Powiat kępiński",2017,3152
"18193",3009000,"Powiat kolski",2017,0
"18194",3010000,"Powiat koniński",2017,0
"18195",3011000,"Powiat kościański",2017,3615
"18196",3012000,"Powiat krotoszyński",2017,2727
"18197",3013000,"Powiat leszczyński",2017,0
"18198",3014000,"Powiat międzychodzki",2017,2387
"18199",3015000,"Powiat nowotomyski",2017,0
"18200",3016000,"Powiat obornicki",2017,0
"18201",3017000,"Powiat ostrowski",2017,0
"18202",3018000,"Powiat ostrzeszowski",2017,0
"18203",3019000,"Powiat pilski",2017,3868
"18204",3020000,"Powiat pleszewski",2017,0
"18205",3021000,"Powiat poznański",2017,3888
"18206",3022000,"Powiat rawicki",2017,0
"18207",3023000,"Powiat słupecki",2017,0
"18208",3024000,"Powiat szamotulski",2017,3096
"18209",3025000,"Powiat średzki",2017,0
"18210",3026000,"Powiat śremski",2017,3776
"18211",3027000,"Powiat turecki",2017,0
"18212",3028000,"Powiat wągrowiecki",2017,2609
"18213",3029000,"Powiat wolsztyński",2017,0
"18214",3030000,"Powiat wrzesiński",2017,3097
"18215",3031000,"Powiat złotowski",2017,3449
"18216",3061000,"Powiat m.Kalisz",2017,2813
"18217",3062000,"Powiat m.Konin",2017,3389
"18218",3063000,"Powiat m.Leszno",2017,3526
"18219",3064000,"Powiat m.Poznań",2017,5854
"18220",3201000,"Powiat białogardzki",2017,0
"18221",3202000,"Powiat choszczeński",2017,0
"18222",3203000,"Powiat drawski",2017,0
"18223",3204000,"Powiat goleniowski",2017,3205
"18224",3205000,"Powiat gryficki",2017,2524
"18225",3206000,"Powiat gryfiński",2017,0
"18226",3207000,"Powiat kamieński",2017,6600
"18227",3208000,"Powiat kołobrzeski",2017,0
"18228",3209000,"Powiat koszaliński",2017,0
"18229",3210000,"Powiat myśliborski",2017,0
"18230",3211000,"Powiat policki",2017,4354
"18231",3212000,"Powiat pyrzycki",2017,0
"18232",3213000,"Powiat sławieński",2017,0
"18233",3214000,"Powiat stargardzki",2017,3711
"18234",3215000,"Powiat szczecinecki",2017,3253
"18235",3216000,"Powiat świdwiński",2017,0
"18236",3217000,"Powiat wałecki",2017,0
"18237",3218000,"Powiat łobeski",2017,0
"18238",3261000,"Powiat m.Koszalin",2017,0
"18239",3262000,"Powiat m.Szczecin",2017,4620
"18240",3263000,"Powiat m.Świnoujście",2017,5174
"18241",201000,"Powiat bolesławiecki",2018,3095
"18242",202000,"Powiat dzierżoniowski",2018,0
"18243",203000,"Powiat głogowski",2018,3321
"18244",204000,"Powiat górowski",2018,0
"18245",205000,"Powiat jaworski",2018,0
"18246",206000,"Powiat jeleniogórski",2018,0
"18247",207000,"Powiat kamiennogórski",2018,0
"18248",208000,"Powiat kłodzki",2018,0
"18249",209000,"Powiat legnicki",2018,0
"18250",210000,"Powiat lubański",2018,0
"18251",211000,"Powiat lubiński",2018,3994
"18252",212000,"Powiat lwówecki",2018,0
"18253",213000,"Powiat milicki",2018,2962
"18254",214000,"Powiat oleśnicki",2018,4388
"18255",215000,"Powiat oławski",2018,3984
"18256",216000,"Powiat polkowicki",2018,0
"18257",217000,"Powiat strzeliński",2018,0
"18258",218000,"Powiat średzki",2018,0
"18259",219000,"Powiat świdnicki",2018,3854
"18260",220000,"Powiat trzebnicki",2018,0
"18261",221000,"Powiat wałbrzyski",2018,2679
"18262",222000,"Powiat wołowski",2018,0
"18263",223000,"Powiat wrocławski",2018,3754
"18264",224000,"Powiat ząbkowicki",2018,0
"18265",225000,"Powiat zgorzelecki",2018,0
"18266",226000,"Powiat złotoryjski",2018,0
"18267",261000,"Powiat m.Jelenia Góra",2018,3218
"18268",262000,"Powiat m.Legnica",2018,3326
"18269",264000,"Powiat m.Wrocław",2018,5355
"18270",265000,"Powiat m.Wałbrzych od 2013",2018,0
"18271",401000,"Powiat aleksandrowski",2018,0
"18272",402000,"Powiat brodnicki",2018,3731
"18273",403000,"Powiat bydgoski",2018,4787
"18274",404000,"Powiat chełmiński",2018,0
"18275",405000,"Powiat golubsko-dobrzyński",2018,0
"18276",406000,"Powiat grudziądzki",2018,0
"18277",407000,"Powiat inowrocławski",2018,4837
"18278",408000,"Powiat lipnowski",2018,0
"18279",409000,"Powiat mogileński",2018,0
"18280",410000,"Powiat nakielski",2018,0
"18281",411000,"Powiat radziejowski",2018,0
"18282",412000,"Powiat rypiński",2018,0
"18283",413000,"Powiat sępoleński",2018,0
"18284",414000,"Powiat świecki",2018,0
"18285",415000,"Powiat toruński",2018,0
"18286",416000,"Powiat tucholski",2018,0
"18287",417000,"Powiat wąbrzeski",2018,0
"18288",418000,"Powiat włocławski",2018,0
"18289",419000,"Powiat żniński",2018,0
"18290",461000,"Powiat m.Bydgoszcz",2018,5404
"18291",462000,"Powiat m.Grudziądz",2018,2992
"18292",463000,"Powiat m.Toruń",2018,5018
"18293",464000,"Powiat m.Włocławek",2018,3215
"18294",601000,"Powiat bialski",2018,0
"18295",602000,"Powiat biłgorajski",2018,0
"18296",603000,"Powiat chełmski",2018,0
"18297",604000,"Powiat hrubieszowski",2018,0
"18298",605000,"Powiat janowski",2018,0
"18299",606000,"Powiat krasnostawski",2018,0
"18300",607000,"Powiat kraśnicki",2018,0
"18301",608000,"Powiat lubartowski",2018,0
"18302",609000,"Powiat lubelski",2018,3814
"18303",610000,"Powiat łęczyński",2018,0
"18304",611000,"Powiat łukowski",2018,0
"18305",612000,"Powiat opolski",2018,0
"18306",613000,"Powiat parczewski",2018,0
"18307",614000,"Powiat puławski",2018,3517
"18308",615000,"Powiat radzyński",2018,0
"18309",616000,"Powiat rycki",2018,0
"18310",617000,"Powiat świdnicki",2018,0
"18311",618000,"Powiat tomaszowski",2018,0
"18312",619000,"Powiat włodawski",2018,0
"18313",620000,"Powiat zamojski",2018,0
"18314",661000,"Powiat m.Biała Podlaska",2018,2865
"18315",662000,"Powiat m.Chełm",2018,0
"18316",663000,"Powiat m.Lublin",2018,5506
"18317",664000,"Powiat m.Zamość",2018,4228
"18318",801000,"Powiat gorzowski",2018,4089
"18319",802000,"Powiat krośnieński",2018,2962
"18320",803000,"Powiat międzyrzecki",2018,2545
"18321",804000,"Powiat nowosolski",2018,0
"18322",805000,"Powiat słubicki",2018,0
"18323",806000,"Powiat strzelecko-drezdenecki",2018,0
"18324",807000,"Powiat sulęciński",2018,0
"18325",808000,"Powiat świebodziński",2018,0
"18326",809000,"Powiat zielonogórski",2018,0
"18327",810000,"Powiat żagański",2018,0
"18328",811000,"Powiat żarski",2018,2527
"18329",812000,"Powiat wschowski",2018,0
"18330",861000,"Powiat m.Gorzów Wielkopolski",2018,3790
"18331",862000,"Powiat m.Zielona Góra",2018,3658
"18332",1001000,"Powiat bełchatowski",2018,0
"18333",1002000,"Powiat kutnowski",2018,3591
"18334",1003000,"Powiat łaski",2018,0
"18335",1004000,"Powiat łęczycki",2018,0
"18336",1005000,"Powiat łowicki",2018,0
"18337",1006000,"Powiat łódzki wschodni",2018,0
"18338",1007000,"Powiat opoczyński",2018,0
"18339",1008000,"Powiat pabianicki",2018,0
"18340",1009000,"Powiat pajęczański",2018,0
"18341",1010000,"Powiat piotrkowski",2018,0
"18342",1011000,"Powiat poddębicki",2018,0
"18343",1012000,"Powiat radomszczański",2018,0
"18344",1013000,"Powiat rawski",2018,0
"18345",1014000,"Powiat sieradzki",2018,0
"18346",1015000,"Powiat skierniewicki",2018,0
"18347",1016000,"Powiat tomaszowski",2018,0
"18348",1017000,"Powiat wieluński",2018,0
"18349",1018000,"Powiat wieruszowski",2018,3022
"18350",1019000,"Powiat zduńskowolski",2018,0
"18351",1020000,"Powiat zgierski",2018,3672
"18352",1021000,"Powiat brzeziński",2018,0
"18353",1061000,"Powiat m.Łódź",2018,5026
"18354",1062000,"Powiat m.Piotrków Trybunalski",2018,0
"18355",1063000,"Powiat m.Skierniewice",2018,0
"18356",1201000,"Powiat bocheński",2018,0
"18357",1202000,"Powiat brzeski",2018,0
"18358",1203000,"Powiat chrzanowski",2018,0
"18359",1204000,"Powiat dąbrowski",2018,0
"18360",1205000,"Powiat gorlicki",2018,0
"18361",1206000,"Powiat krakowski",2018,4244
"18362",1207000,"Powiat limanowski",2018,0
"18363",1208000,"Powiat miechowski",2018,0
"18364",1209000,"Powiat myślenicki",2018,0
"18365",1210000,"Powiat nowosądecki",2018,8974
"18366",1211000,"Powiat nowotarski",2018,4755
"18367",1212000,"Powiat olkuski",2018,0
"18368",1213000,"Powiat oświęcimski",2018,0
"18369",1214000,"Powiat proszowicki",2018,0
"18370",1215000,"Powiat suski",2018,0
"18371",1216000,"Powiat tarnowski",2018,0
"18372",1217000,"Powiat tatrzański",2018,7669
"18373",1218000,"Powiat wadowicki",2018,3872
"18374",1219000,"Powiat wielicki",2018,3346
"18375",1261000,"Powiat m.Kraków",2018,6767
"18376",1262000,"Powiat m.Nowy Sącz",2018,0
"18377",1263000,"Powiat m.Tarnów",2018,0
"18378",1401000,"Powiat białobrzeski",2018,0
"18379",1402000,"Powiat ciechanowski",2018,0
"18380",1403000,"Powiat garwoliński",2018,0
"18381",1404000,"Powiat gostyniński",2018,0
"18382",1405000,"Powiat grodziski",2018,3300
"18383",1406000,"Powiat grójecki",2018,0
"18384",1407000,"Powiat kozienicki",2018,0
"18385",1408000,"Powiat legionowski",2018,4154
"18386",1409000,"Powiat lipski",2018,0
"18387",1410000,"Powiat łosicki",2018,0
"18388",1411000,"Powiat makowski",2018,0
"18389",1412000,"Powiat miński",2018,4701
"18390",1413000,"Powiat mławski",2018,3363
"18391",1414000,"Powiat nowodworski",2018,3858
"18392",1415000,"Powiat ostrołęcki",2018,0
"18393",1416000,"Powiat ostrowski",2018,0
"18394",1417000,"Powiat otwocki",2018,3552
"18395",1418000,"Powiat piaseczyński",2018,5249
"18396",1419000,"Powiat płocki",2018,3262
"18397",1420000,"Powiat płoński",2018,0
"18398",1421000,"Powiat pruszkowski",2018,4852
"18399",1422000,"Powiat przasnyski",2018,0
"18400",1423000,"Powiat przysuski",2018,0
"18401",1424000,"Powiat pułtuski",2018,0
"18402",1425000,"Powiat radomski",2018,0
"18403",1426000,"Powiat siedlecki",2018,0
"18404",1427000,"Powiat sierpecki",2018,0
"18405",1428000,"Powiat sochaczewski",2018,0
"18406",1429000,"Powiat sokołowski",2018,0
"18407",1430000,"Powiat szydłowiecki",2018,0
"18408",1432000,"Powiat warszawski zachodni",2018,4490
"18409",1433000,"Powiat węgrowski",2018,0
"18410",1434000,"Powiat wołomiński",2018,3846
"18411",1435000,"Powiat wyszkowski",2018,2845
"18412",1436000,"Powiat zwoleński",2018,0
"18413",1437000,"Powiat żuromiński",2018,0
"18414",1438000,"Powiat żyrardowski",2018,4594
"18415",1461000,"Powiat m.Ostrołęka",2018,0
"18416",1462000,"Powiat m.Płock",2018,4117
"18417",1463000,"Powiat m.Radom",2018,4327
"18418",1464000,"Powiat m.Siedlce",2018,4053
"18419",1465000,"Powiat m. st. Warszawa",2018,8442
"18420",1601000,"Powiat brzeski",2018,0
"18421",1602000,"Powiat głubczycki",2018,0
"18422",1603000,"Powiat kędzierzyńsko-kozielski",2018,0
"18423",1604000,"Powiat kluczborski",2018,2856
"18424",1605000,"Powiat krapkowicki",2018,0
"18425",1606000,"Powiat namysłowski",2018,2443
"18426",1607000,"Powiat nyski",2018,0
"18427",1608000,"Powiat oleski",2018,0
"18428",1609000,"Powiat opolski",2018,0
"18429",1610000,"Powiat prudnicki",2018,0
"18430",1611000,"Powiat strzelecki",2018,0
"18431",1661000,"Powiat m.Opole",2018,4121
"18432",1801000,"Powiat bieszczadzki",2018,0
"18433",1802000,"Powiat brzozowski",2018,0
"18434",1803000,"Powiat dębicki",2018,0
"18435",1804000,"Powiat jarosławski",2018,3395
"18436",1805000,"Powiat jasielski",2018,0
"18437",1806000,"Powiat kolbuszowski",2018,0
"18438",1807000,"Powiat krośnieński",2018,0
"18439",1808000,"Powiat leżajski",2018,0
"18440",1809000,"Powiat lubaczowski",2018,0
"18441",1810000,"Powiat łańcucki",2018,0
"18442",1811000,"Powiat mielecki",2018,0
"18443",1812000,"Powiat niżański",2018,0
"18444",1813000,"Powiat przemyski",2018,0
"18445",1814000,"Powiat przeworski",2018,0
"18446",1815000,"Powiat ropczycko-sędziszowski",2018,0
"18447",1816000,"Powiat rzeszowski",2018,4638
"18448",1817000,"Powiat sanocki",2018,0
"18449",1818000,"Powiat stalowowolski",2018,0
"18450",1819000,"Powiat strzyżowski",2018,0
"18451",1820000,"Powiat tarnobrzeski",2018,0
"18452",1821000,"Powiat leski",2018,0
"18453",1861000,"Powiat m.Krosno",2018,0
"18454",1862000,"Powiat m.Przemyśl",2018,0
"18455",1863000,"Powiat m.Rzeszów",2018,4468
"18456",1864000,"Powiat m.Tarnobrzeg",2018,0
"18457",2001000,"Powiat augustowski",2018,0
"18458",2002000,"Powiat białostocki",2018,3250
"18459",2003000,"Powiat bielski",2018,0
"18460",2004000,"Powiat grajewski",2018,3001
"18461",2005000,"Powiat hajnowski",2018,0
"18462",2006000,"Powiat kolneński",2018,0
"18463",2007000,"Powiat łomżyński",2018,0
"18464",2008000,"Powiat moniecki",2018,0
"18465",2009000,"Powiat sejneński",2018,0
"18466",2010000,"Powiat siemiatycki",2018,0
"18467",2011000,"Powiat sokólski",2018,0
"18468",2012000,"Powiat suwalski",2018,0
"18469",2013000,"Powiat wysokomazowiecki",2018,0
"18470",2014000,"Powiat zambrowski",2018,0
"18471",2061000,"Powiat m.Białystok",2018,4957
"18472",2062000,"Powiat m.Łomża",2018,3839
"18473",2063000,"Powiat m.Suwałki",2018,3870
"18474",2201000,"Powiat bytowski",2018,0
"18475",2202000,"Powiat chojnicki",2018,3715
"18476",2203000,"Powiat człuchowski",2018,0
"18477",2204000,"Powiat gdański",2018,3999
"18478",2205000,"Powiat kartuski",2018,3789
"18479",2206000,"Powiat kościerski",2018,0
"18480",2207000,"Powiat kwidzyński",2018,0
"18481",2208000,"Powiat lęborski",2018,3012
"18482",2209000,"Powiat malborski",2018,3906
"18483",2210000,"Powiat nowodworski",2018,0
"18484",2211000,"Powiat pucki",2018,4878
"18485",2212000,"Powiat słupski",2018,2425
"18486",2213000,"Powiat starogardzki",2018,3361
"18487",2214000,"Powiat tczewski",2018,3549
"18488",2215000,"Powiat wejherowski",2018,3400
"18489",2216000,"Powiat sztumski",2018,0
"18490",2261000,"Powiat m.Gdańsk",2018,7464
"18491",2262000,"Powiat m.Gdynia",2018,7062
"18492",2263000,"Powiat m.Słupsk",2018,3173
"18493",2264000,"Powiat m.Sopot",2018,18284
"18494",2401000,"Powiat będziński",2018,4636
"18495",2402000,"Powiat bielski",2018,0
"18496",2403000,"Powiat cieszyński",2018,0
"18497",2404000,"Powiat częstochowski",2018,0
"18498",2405000,"Powiat gliwicki",2018,2993
"18499",2406000,"Powiat kłobucki",2018,0
"18500",2407000,"Powiat lubliniecki",2018,3236
"18501",2408000,"Powiat mikołowski",2018,3742
"18502",2409000,"Powiat myszkowski",2018,0
"18503",2410000,"Powiat pszczyński",2018,0
"18504",2411000,"Powiat raciborski",2018,0
"18505",2412000,"Powiat rybnicki",2018,0
"18506",2413000,"Powiat tarnogórski",2018,3529
"18507",2414000,"Powiat bieruńsko-lędziński",2018,0
"18508",2415000,"Powiat wodzisławski",2018,0
"18509",2416000,"Powiat zawierciański",2018,0
"18510",2417000,"Powiat żywiecki",2018,0
"18511",2461000,"Powiat m.Bielsko-Biała",2018,4029
"18512",2462000,"Powiat m.Bytom",2018,0
"18513",2463000,"Powiat m.Chorzów",2018,4051
"18514",2464000,"Powiat m.Częstochowa",2018,4783
"18515",2465000,"Powiat m.Dąbrowa Górnicza",2018,4060
"18516",2466000,"Powiat m.Gliwice",2018,4513
"18517",2467000,"Powiat m.Jastrzębie-Zdrój",2018,0
"18518",2468000,"Powiat m.Jaworzno",2018,0
"18519",2469000,"Powiat m.Katowice",2018,4821
"18520",2470000,"Powiat m.Mysłowice",2018,4105
"18521",2471000,"Powiat m.Piekary Śląskie",2018,0
"18522",2472000,"Powiat m.Ruda Śląska",2018,0
"18523",2473000,"Powiat m.Rybnik",2018,3684
"18524",2474000,"Powiat m.Siemianowice Śląskie",2018,4140
"18525",2475000,"Powiat m.Sosnowiec",2018,4109
"18526",2476000,"Powiat m.Świętochłowice",2018,0
"18527",2477000,"Powiat m.Tychy",2018,4537
"18528",2478000,"Powiat m.Zabrze",2018,3895
"18529",2479000,"Powiat m.Żory",2018,2560
"18530",2601000,"Powiat buski",2018,2870
"18531",2602000,"Powiat jędrzejowski",2018,0
"18532",2603000,"Powiat kazimierski",2018,0
"18533",2604000,"Powiat kielecki",2018,0
"18534",2605000,"Powiat konecki",2018,0
"18535",2606000,"Powiat opatowski",2018,0
"18536",2607000,"Powiat ostrowiecki",2018,0
"18537",2608000,"Powiat pińczowski",2018,0
"18538",2609000,"Powiat sandomierski",2018,0
"18539",2610000,"Powiat skarżyski",2018,0
"18540",2611000,"Powiat starachowicki",2018,0
"18541",2612000,"Powiat staszowski",2018,0
"18542",2613000,"Powiat włoszczowski",2018,0
"18543",2661000,"Powiat m.Kielce",2018,5085
"18544",2801000,"Powiat bartoszycki",2018,0
"18545",2802000,"Powiat braniewski",2018,0
"18546",2803000,"Powiat działdowski",2018,0
"18547",2804000,"Powiat elbląski",2018,0
"18548",2805000,"Powiat ełcki",2018,3989
"18549",2806000,"Powiat giżycki",2018,3083
"18550",2807000,"Powiat iławski",2018,7121
"18551",2808000,"Powiat kętrzyński",2018,0
"18552",2809000,"Powiat lidzbarski",2018,0
"18553",2810000,"Powiat mrągowski",2018,0
"18554",2811000,"Powiat nidzicki",2018,0
"18555",2812000,"Powiat nowomiejski",2018,0
"18556",2813000,"Powiat olecki",2018,0
"18557",2814000,"Powiat olsztyński",2018,3500
"18558",2815000,"Powiat ostródzki",2018,0
"18559",2816000,"Powiat piski",2018,0
"18560",2817000,"Powiat szczycieński",2018,0
"18561",2818000,"Powiat gołdapski",2018,0
"18562",2819000,"Powiat węgorzewski",2018,0
"18563",2861000,"Powiat m.Elbląg",2018,4144
"18564",2862000,"Powiat m.Olsztyn",2018,4467
"18565",3001000,"Powiat chodzieski",2018,0
"18566",3002000,"Powiat czarnkowsko-trzcianecki",2018,0
"18567",3003000,"Powiat gnieźnieński",2018,3538
"18568",3004000,"Powiat gostyński",2018,0
"18569",3005000,"Powiat grodziski",2018,0
"18570",3006000,"Powiat jarociński",2018,2999
"18571",3007000,"Powiat kaliski",2018,0
"18572",3008000,"Powiat kępiński",2018,0
"18573",3009000,"Powiat kolski",2018,0
"18574",3010000,"Powiat koniński",2018,0
"18575",3011000,"Powiat kościański",2018,3615
"18576",3012000,"Powiat krotoszyński",2018,0
"18577",3013000,"Powiat leszczyński",2018,2792
"18578",3014000,"Powiat międzychodzki",2018,0
"18579",3015000,"Powiat nowotomyski",2018,0
"18580",3016000,"Powiat obornicki",2018,0
"18581",3017000,"Powiat ostrowski",2018,0
"18582",3018000,"Powiat ostrzeszowski",2018,0
"18583",3019000,"Powiat pilski",2018,3844
"18584",3020000,"Powiat pleszewski",2018,0
"18585",3021000,"Powiat poznański",2018,3951
"18586",3022000,"Powiat rawicki",2018,0
"18587",3023000,"Powiat słupecki",2018,0
"18588",3024000,"Powiat szamotulski",2018,3023
"18589",3025000,"Powiat średzki",2018,0
"18590",3026000,"Powiat śremski",2018,3241
"18591",3027000,"Powiat turecki",2018,0
"18592",3028000,"Powiat wągrowiecki",2018,2813
"18593",3029000,"Powiat wolsztyński",2018,3755
"18594",3030000,"Powiat wrzesiński",2018,3299
"18595",3031000,"Powiat złotowski",2018,0
"18596",3061000,"Powiat m.Kalisz",2018,3177
"18597",3062000,"Powiat m.Konin",2018,4638
"18598",3063000,"Powiat m.Leszno",2018,3573
"18599",3064000,"Powiat m.Poznań",2018,6070
"18600",3201000,"Powiat białogardzki",2018,0
"18601",3202000,"Powiat choszczeński",2018,4026
"18602",3203000,"Powiat drawski",2018,0
"18603",3204000,"Powiat goleniowski",2018,0
"18604",3205000,"Powiat gryficki",2018,0
"18605",3206000,"Powiat gryfiński",2018,4379
"18606",3207000,"Powiat kamieński",2018,11725
"18607",3208000,"Powiat kołobrzeski",2018,5741
"18608",3209000,"Powiat koszaliński",2018,21517
"18609",3210000,"Powiat myśliborski",2018,3323
"18610",3211000,"Powiat policki",2018,4412
"18611",3212000,"Powiat pyrzycki",2018,0
"18612",3213000,"Powiat sławieński",2018,0
"18613",3214000,"Powiat stargardzki",2018,3252
"18614",3215000,"Powiat szczecinecki",2018,0
"18615",3216000,"Powiat świdwiński",2018,4243
"18616",3217000,"Powiat wałecki",2018,4726
"18617",3218000,"Powiat łobeski",2018,0
"18618",3261000,"Powiat m.Koszalin",2018,0
"18619",3262000,"Powiat m.Szczecin",2018,5114
"18620",3263000,"Powiat m.Świnoujście",2018,7401
"18621",201000,"Powiat bolesławiecki",2019,NA
"18622",202000,"Powiat dzierżoniowski",2019,NA
"18623",203000,"Powiat głogowski",2019,NA
"18624",204000,"Powiat górowski",2019,NA
"18625",205000,"Powiat jaworski",2019,NA
"18626",206000,"Powiat jeleniogórski",2019,NA
"18627",207000,"Powiat kamiennogórski",2019,NA
"18628",208000,"Powiat kłodzki",2019,NA
"18629",209000,"Powiat legnicki",2019,NA
"18630",210000,"Powiat lubański",2019,NA
"18631",211000,"Powiat lubiński",2019,NA
"18632",212000,"Powiat lwówecki",2019,NA
"18633",213000,"Powiat milicki",2019,NA
"18634",214000,"Powiat oleśnicki",2019,NA
"18635",215000,"Powiat oławski",2019,NA
"18636",216000,"Powiat polkowicki",2019,NA
"18637",217000,"Powiat strzeliński",2019,NA
"18638",218000,"Powiat średzki",2019,NA
"18639",219000,"Powiat świdnicki",2019,NA
"18640",220000,"Powiat trzebnicki",2019,NA
"18641",221000,"Powiat wałbrzyski",2019,NA
"18642",222000,"Powiat wołowski",2019,NA
"18643",223000,"Powiat wrocławski",2019,NA
"18644",224000,"Powiat ząbkowicki",2019,NA
"18645",225000,"Powiat zgorzelecki",2019,NA
"18646",226000,"Powiat złotoryjski",2019,NA
"18647",261000,"Powiat m.Jelenia Góra",2019,NA
"18648",262000,"Powiat m.Legnica",2019,NA
"18649",264000,"Powiat m.Wrocław",2019,NA
"18650",265000,"Powiat m.Wałbrzych od 2013",2019,NA
"18651",401000,"Powiat aleksandrowski",2019,NA
"18652",402000,"Powiat brodnicki",2019,NA
"18653",403000,"Powiat bydgoski",2019,NA
"18654",404000,"Powiat chełmiński",2019,NA
"18655",405000,"Powiat golubsko-dobrzyński",2019,NA
"18656",406000,"Powiat grudziądzki",2019,NA
"18657",407000,"Powiat inowrocławski",2019,NA
"18658",408000,"Powiat lipnowski",2019,NA
"18659",409000,"Powiat mogileński",2019,NA
"18660",410000,"Powiat nakielski",2019,NA
"18661",411000,"Powiat radziejowski",2019,NA
"18662",412000,"Powiat rypiński",2019,NA
"18663",413000,"Powiat sępoleński",2019,NA
"18664",414000,"Powiat świecki",2019,NA
"18665",415000,"Powiat toruński",2019,NA
"18666",416000,"Powiat tucholski",2019,NA
"18667",417000,"Powiat wąbrzeski",2019,NA
"18668",418000,"Powiat włocławski",2019,NA
"18669",419000,"Powiat żniński",2019,NA
"18670",461000,"Powiat m.Bydgoszcz",2019,NA
"18671",462000,"Powiat m.Grudziądz",2019,NA
"18672",463000,"Powiat m.Toruń",2019,NA
"18673",464000,"Powiat m.Włocławek",2019,NA
"18674",601000,"Powiat bialski",2019,NA
"18675",602000,"Powiat biłgorajski",2019,NA
"18676",603000,"Powiat chełmski",2019,NA
"18677",604000,"Powiat hrubieszowski",2019,NA
"18678",605000,"Powiat janowski",2019,NA
"18679",606000,"Powiat krasnostawski",2019,NA
"18680",607000,"Powiat kraśnicki",2019,NA
"18681",608000,"Powiat lubartowski",2019,NA
"18682",609000,"Powiat lubelski",2019,NA
"18683",610000,"Powiat łęczyński",2019,NA
"18684",611000,"Powiat łukowski",2019,NA
"18685",612000,"Powiat opolski",2019,NA
"18686",613000,"Powiat parczewski",2019,NA
"18687",614000,"Powiat puławski",2019,NA
"18688",615000,"Powiat radzyński",2019,NA
"18689",616000,"Powiat rycki",2019,NA
"18690",617000,"Powiat świdnicki",2019,NA
"18691",618000,"Powiat tomaszowski",2019,NA
"18692",619000,"Powiat włodawski",2019,NA
"18693",620000,"Powiat zamojski",2019,NA
"18694",661000,"Powiat m.Biała Podlaska",2019,NA
"18695",662000,"Powiat m.Chełm",2019,NA
"18696",663000,"Powiat m.Lublin",2019,NA
"18697",664000,"Powiat m.Zamość",2019,NA
"18698",801000,"Powiat gorzowski",2019,NA
"18699",802000,"Powiat krośnieński",2019,NA
"18700",803000,"Powiat międzyrzecki",2019,NA
"18701",804000,"Powiat nowosolski",2019,NA
"18702",805000,"Powiat słubicki",2019,NA
"18703",806000,"Powiat strzelecko-drezdenecki",2019,NA
"18704",807000,"Powiat sulęciński",2019,NA
"18705",808000,"Powiat świebodziński",2019,NA
"18706",809000,"Powiat zielonogórski",2019,NA
"18707",810000,"Powiat żagański",2019,NA
"18708",811000,"Powiat żarski",2019,NA
"18709",812000,"Powiat wschowski",2019,NA
"18710",861000,"Powiat m.Gorzów Wielkopolski",2019,NA
"18711",862000,"Powiat m.Zielona Góra",2019,NA
"18712",1001000,"Powiat bełchatowski",2019,NA
"18713",1002000,"Powiat kutnowski",2019,NA
"18714",1003000,"Powiat łaski",2019,NA
"18715",1004000,"Powiat łęczycki",2019,NA
"18716",1005000,"Powiat łowicki",2019,NA
"18717",1006000,"Powiat łódzki wschodni",2019,NA
"18718",1007000,"Powiat opoczyński",2019,NA
"18719",1008000,"Powiat pabianicki",2019,NA
"18720",1009000,"Powiat pajęczański",2019,NA
"18721",1010000,"Powiat piotrkowski",2019,NA
"18722",1011000,"Powiat poddębicki",2019,NA
"18723",1012000,"Powiat radomszczański",2019,NA
"18724",1013000,"Powiat rawski",2019,NA
"18725",1014000,"Powiat sieradzki",2019,NA
"18726",1015000,"Powiat skierniewicki",2019,NA
"18727",1016000,"Powiat tomaszowski",2019,NA
"18728",1017000,"Powiat wieluński",2019,NA
"18729",1018000,"Powiat wieruszowski",2019,NA
"18730",1019000,"Powiat zduńskowolski",2019,NA
"18731",1020000,"Powiat zgierski",2019,NA
"18732",1021000,"Powiat brzeziński",2019,NA
"18733",1061000,"Powiat m.Łódź",2019,NA
"18734",1062000,"Powiat m.Piotrków Trybunalski",2019,NA
"18735",1063000,"Powiat m.Skierniewice",2019,NA
"18736",1201000,"Powiat bocheński",2019,NA
"18737",1202000,"Powiat brzeski",2019,NA
"18738",1203000,"Powiat chrzanowski",2019,NA
"18739",1204000,"Powiat dąbrowski",2019,NA
"18740",1205000,"Powiat gorlicki",2019,NA
"18741",1206000,"Powiat krakowski",2019,NA
"18742",1207000,"Powiat limanowski",2019,NA
"18743",1208000,"Powiat miechowski",2019,NA
"18744",1209000,"Powiat myślenicki",2019,NA
"18745",1210000,"Powiat nowosądecki",2019,NA
"18746",1211000,"Powiat nowotarski",2019,NA
"18747",1212000,"Powiat olkuski",2019,NA
"18748",1213000,"Powiat oświęcimski",2019,NA
"18749",1214000,"Powiat proszowicki",2019,NA
"18750",1215000,"Powiat suski",2019,NA
"18751",1216000,"Powiat tarnowski",2019,NA
"18752",1217000,"Powiat tatrzański",2019,NA
"18753",1218000,"Powiat wadowicki",2019,NA
"18754",1219000,"Powiat wielicki",2019,NA
"18755",1261000,"Powiat m.Kraków",2019,NA
"18756",1262000,"Powiat m.Nowy Sącz",2019,NA
"18757",1263000,"Powiat m.Tarnów",2019,NA
"18758",1401000,"Powiat białobrzeski",2019,NA
"18759",1402000,"Powiat ciechanowski",2019,NA
"18760",1403000,"Powiat garwoliński",2019,NA
"18761",1404000,"Powiat gostyniński",2019,NA
"18762",1405000,"Powiat grodziski",2019,NA
"18763",1406000,"Powiat grójecki",2019,NA
"18764",1407000,"Powiat kozienicki",2019,NA
"18765",1408000,"Powiat legionowski",2019,NA
"18766",1409000,"Powiat lipski",2019,NA
"18767",1410000,"Powiat łosicki",2019,NA
"18768",1411000,"Powiat makowski",2019,NA
"18769",1412000,"Powiat miński",2019,NA
"18770",1413000,"Powiat mławski",2019,NA
"18771",1414000,"Powiat nowodworski",2019,NA
"18772",1415000,"Powiat ostrołęcki",2019,NA
"18773",1416000,"Powiat ostrowski",2019,NA
"18774",1417000,"Powiat otwocki",2019,NA
"18775",1418000,"Powiat piaseczyński",2019,NA
"18776",1419000,"Powiat płocki",2019,NA
"18777",1420000,"Powiat płoński",2019,NA
"18778",1421000,"Powiat pruszkowski",2019,NA
"18779",1422000,"Powiat przasnyski",2019,NA
"18780",1423000,"Powiat przysuski",2019,NA
"18781",1424000,"Powiat pułtuski",2019,NA
"18782",1425000,"Powiat radomski",2019,NA
"18783",1426000,"Powiat siedlecki",2019,NA
"18784",1427000,"Powiat sierpecki",2019,NA
"18785",1428000,"Powiat sochaczewski",2019,NA
"18786",1429000,"Powiat sokołowski",2019,NA
"18787",1430000,"Powiat szydłowiecki",2019,NA
"18788",1432000,"Powiat warszawski zachodni",2019,NA
"18789",1433000,"Powiat węgrowski",2019,NA
"18790",1434000,"Powiat wołomiński",2019,NA
"18791",1435000,"Powiat wyszkowski",2019,NA
"18792",1436000,"Powiat zwoleński",2019,NA
"18793",1437000,"Powiat żuromiński",2019,NA
"18794",1438000,"Powiat żyrardowski",2019,NA
"18795",1461000,"Powiat m.Ostrołęka",2019,NA
"18796",1462000,"Powiat m.Płock",2019,NA
"18797",1463000,"Powiat m.Radom",2019,NA
"18798",1464000,"Powiat m.Siedlce",2019,NA
"18799",1465000,"Powiat m. st. Warszawa",2019,NA
"18800",1601000,"Powiat brzeski",2019,NA
"18801",1602000,"Powiat głubczycki",2019,NA
"18802",1603000,"Powiat kędzierzyńsko-kozielski",2019,NA
"18803",1604000,"Powiat kluczborski",2019,NA
"18804",1605000,"Powiat krapkowicki",2019,NA
"18805",1606000,"Powiat namysłowski",2019,NA
"18806",1607000,"Powiat nyski",2019,NA
"18807",1608000,"Powiat oleski",2019,NA
"18808",1609000,"Powiat opolski",2019,NA
"18809",1610000,"Powiat prudnicki",2019,NA
"18810",1611000,"Powiat strzelecki",2019,NA
"18811",1661000,"Powiat m.Opole",2019,NA
"18812",1801000,"Powiat bieszczadzki",2019,NA
"18813",1802000,"Powiat brzozowski",2019,NA
"18814",1803000,"Powiat dębicki",2019,NA
"18815",1804000,"Powiat jarosławski",2019,NA
"18816",1805000,"Powiat jasielski",2019,NA
"18817",1806000,"Powiat kolbuszowski",2019,NA
"18818",1807000,"Powiat krośnieński",2019,NA
"18819",1808000,"Powiat leżajski",2019,NA
"18820",1809000,"Powiat lubaczowski",2019,NA
"18821",1810000,"Powiat łańcucki",2019,NA
"18822",1811000,"Powiat mielecki",2019,NA
"18823",1812000,"Powiat niżański",2019,NA
"18824",1813000,"Powiat przemyski",2019,NA
"18825",1814000,"Powiat przeworski",2019,NA
"18826",1815000,"Powiat ropczycko-sędziszowski",2019,NA
"18827",1816000,"Powiat rzeszowski",2019,NA
"18828",1817000,"Powiat sanocki",2019,NA
"18829",1818000,"Powiat stalowowolski",2019,NA
"18830",1819000,"Powiat strzyżowski",2019,NA
"18831",1820000,"Powiat tarnobrzeski",2019,NA
"18832",1821000,"Powiat leski",2019,NA
"18833",1861000,"Powiat m.Krosno",2019,NA
"18834",1862000,"Powiat m.Przemyśl",2019,NA
"18835",1863000,"Powiat m.Rzeszów",2019,NA
"18836",1864000,"Powiat m.Tarnobrzeg",2019,NA
"18837",2001000,"Powiat augustowski",2019,NA
"18838",2002000,"Powiat białostocki",2019,NA
"18839",2003000,"Powiat bielski",2019,NA
"18840",2004000,"Powiat grajewski",2019,NA
"18841",2005000,"Powiat hajnowski",2019,NA
"18842",2006000,"Powiat kolneński",2019,NA
"18843",2007000,"Powiat łomżyński",2019,NA
"18844",2008000,"Powiat moniecki",2019,NA
"18845",2009000,"Powiat sejneński",2019,NA
"18846",2010000,"Powiat siemiatycki",2019,NA
"18847",2011000,"Powiat sokólski",2019,NA
"18848",2012000,"Powiat suwalski",2019,NA
"18849",2013000,"Powiat wysokomazowiecki",2019,NA
"18850",2014000,"Powiat zambrowski",2019,NA
"18851",2061000,"Powiat m.Białystok",2019,NA
"18852",2062000,"Powiat m.Łomża",2019,NA
"18853",2063000,"Powiat m.Suwałki",2019,NA
"18854",2201000,"Powiat bytowski",2019,NA
"18855",2202000,"Powiat chojnicki",2019,NA
"18856",2203000,"Powiat człuchowski",2019,NA
"18857",2204000,"Powiat gdański",2019,NA
"18858",2205000,"Powiat kartuski",2019,NA
"18859",2206000,"Powiat kościerski",2019,NA
"18860",2207000,"Powiat kwidzyński",2019,NA
"18861",2208000,"Powiat lęborski",2019,NA
"18862",2209000,"Powiat malborski",2019,NA
"18863",2210000,"Powiat nowodworski",2019,NA
"18864",2211000,"Powiat pucki",2019,NA
"18865",2212000,"Powiat słupski",2019,NA
"18866",2213000,"Powiat starogardzki",2019,NA
"18867",2214000,"Powiat tczewski",2019,NA
"18868",2215000,"Powiat wejherowski",2019,NA
"18869",2216000,"Powiat sztumski",2019,NA
"18870",2261000,"Powiat m.Gdańsk",2019,NA
"18871",2262000,"Powiat m.Gdynia",2019,NA
"18872",2263000,"Powiat m.Słupsk",2019,NA
"18873",2264000,"Powiat m.Sopot",2019,NA
"18874",2401000,"Powiat będziński",2019,NA
"18875",2402000,"Powiat bielski",2019,NA
"18876",2403000,"Powiat cieszyński",2019,NA
"18877",2404000,"Powiat częstochowski",2019,NA
"18878",2405000,"Powiat gliwicki",2019,NA
"18879",2406000,"Powiat kłobucki",2019,NA
"18880",2407000,"Powiat lubliniecki",2019,NA
"18881",2408000,"Powiat mikołowski",2019,NA
"18882",2409000,"Powiat myszkowski",2019,NA
"18883",2410000,"Powiat pszczyński",2019,NA
"18884",2411000,"Powiat raciborski",2019,NA
"18885",2412000,"Powiat rybnicki",2019,NA
"18886",2413000,"Powiat tarnogórski",2019,NA
"18887",2414000,"Powiat bieruńsko-lędziński",2019,NA
"18888",2415000,"Powiat wodzisławski",2019,NA
"18889",2416000,"Powiat zawierciański",2019,NA
"18890",2417000,"Powiat żywiecki",2019,NA
"18891",2461000,"Powiat m.Bielsko-Biała",2019,NA
"18892",2462000,"Powiat m.Bytom",2019,NA
"18893",2463000,"Powiat m.Chorzów",2019,NA
"18894",2464000,"Powiat m.Częstochowa",2019,NA
"18895",2465000,"Powiat m.Dąbrowa Górnicza",2019,NA
"18896",2466000,"Powiat m.Gliwice",2019,NA
"18897",2467000,"Powiat m.Jastrzębie-Zdrój",2019,NA
"18898",2468000,"Powiat m.Jaworzno",2019,NA
"18899",2469000,"Powiat m.Katowice",2019,NA
"18900",2470000,"Powiat m.Mysłowice",2019,NA
"18901",2471000,"Powiat m.Piekary Śląskie",2019,NA
"18902",2472000,"Powiat m.Ruda Śląska",2019,NA
"18903",2473000,"Powiat m.Rybnik",2019,NA
"18904",2474000,"Powiat m.Siemianowice Śląskie",2019,NA
"18905",2475000,"Powiat m.Sosnowiec",2019,NA
"18906",2476000,"Powiat m.Świętochłowice",2019,NA
"18907",2477000,"Powiat m.Tychy",2019,NA
"18908",2478000,"Powiat m.Zabrze",2019,NA
"18909",2479000,"Powiat m.Żory",2019,NA
"18910",2601000,"Powiat buski",2019,NA
"18911",2602000,"Powiat jędrzejowski",2019,NA
"18912",2603000,"Powiat kazimierski",2019,NA
"18913",2604000,"Powiat kielecki",2019,NA
"18914",2605000,"Powiat konecki",2019,NA
"18915",2606000,"Powiat opatowski",2019,NA
"18916",2607000,"Powiat ostrowiecki",2019,NA
"18917",2608000,"Powiat pińczowski",2019,NA
"18918",2609000,"Powiat sandomierski",2019,NA
"18919",2610000,"Powiat skarżyski",2019,NA
"18920",2611000,"Powiat starachowicki",2019,NA
"18921",2612000,"Powiat staszowski",2019,NA
"18922",2613000,"Powiat włoszczowski",2019,NA
"18923",2661000,"Powiat m.Kielce",2019,NA
"18924",2801000,"Powiat bartoszycki",2019,NA
"18925",2802000,"Powiat braniewski",2019,NA
"18926",2803000,"Powiat działdowski",2019,NA
"18927",2804000,"Powiat elbląski",2019,NA
"18928",2805000,"Powiat ełcki",2019,NA
"18929",2806000,"Powiat giżycki",2019,NA
"18930",2807000,"Powiat iławski",2019,NA
"18931",2808000,"Powiat kętrzyński",2019,NA
"18932",2809000,"Powiat lidzbarski",2019,NA
"18933",2810000,"Powiat mrągowski",2019,NA
"18934",2811000,"Powiat nidzicki",2019,NA
"18935",2812000,"Powiat nowomiejski",2019,NA
"18936",2813000,"Powiat olecki",2019,NA
"18937",2814000,"Powiat olsztyński",2019,NA
"18938",2815000,"Powiat ostródzki",2019,NA
"18939",2816000,"Powiat piski",2019,NA
"18940",2817000,"Powiat szczycieński",2019,NA
"18941",2818000,"Powiat gołdapski",2019,NA
"18942",2819000,"Powiat węgorzewski",2019,NA
"18943",2861000,"Powiat m.Elbląg",2019,NA
"18944",2862000,"Powiat m.Olsztyn",2019,NA
"18945",3001000,"Powiat chodzieski",2019,NA
"18946",3002000,"Powiat czarnkowsko-trzcianecki",2019,NA
"18947",3003000,"Powiat gnieźnieński",2019,NA
"18948",3004000,"Powiat gostyński",2019,NA
"18949",3005000,"Powiat grodziski",2019,NA
"18950",3006000,"Powiat jarociński",2019,NA
"18951",3007000,"Powiat kaliski",2019,NA
"18952",3008000,"Powiat kępiński",2019,NA
"18953",3009000,"Powiat kolski",2019,NA
"18954",3010000,"Powiat koniński",2019,NA
"18955",3011000,"Powiat kościański",2019,NA
"18956",3012000,"Powiat krotoszyński",2019,NA
"18957",3013000,"Powiat leszczyński",2019,NA
"18958",3014000,"Powiat międzychodzki",2019,NA
"18959",3015000,"Powiat nowotomyski",2019,NA
"18960",3016000,"Powiat obornicki",2019,NA
"18961",3017000,"Powiat ostrowski",2019,NA
"18962",3018000,"Powiat ostrzeszowski",2019,NA
"18963",3019000,"Powiat pilski",2019,NA
"18964",3020000,"Powiat pleszewski",2019,NA
"18965",3021000,"Powiat poznański",2019,NA
"18966",3022000,"Powiat rawicki",2019,NA
"18967",3023000,"Powiat słupecki",2019,NA
"18968",3024000,"Powiat szamotulski",2019,NA
"18969",3025000,"Powiat średzki",2019,NA
"18970",3026000,"Powiat śremski",2019,NA
"18971",3027000,"Powiat turecki",2019,NA
"18972",3028000,"Powiat wągrowiecki",2019,NA
"18973",3029000,"Powiat wolsztyński",2019,NA
"18974",3030000,"Powiat wrzesiński",2019,NA
"18975",3031000,"Powiat złotowski",2019,NA
"18976",3061000,"Powiat m.Kalisz",2019,NA
"18977",3062000,"Powiat m.Konin",2019,NA
"18978",3063000,"Powiat m.Leszno",2019,NA
"18979",3064000,"Powiat m.Poznań",2019,NA
"18980",3201000,"Powiat białogardzki",2019,NA
"18981",3202000,"Powiat choszczeński",2019,NA
"18982",3203000,"Powiat drawski",2019,NA
"18983",3204000,"Powiat goleniowski",2019,NA
"18984",3205000,"Powiat gryficki",2019,NA
"18985",3206000,"Powiat gryfiński",2019,NA
"18986",3207000,"Powiat kamieński",2019,NA
"18987",3208000,"Powiat kołobrzeski",2019,NA
"18988",3209000,"Powiat koszaliński",2019,NA
"18989",3210000,"Powiat myśliborski",2019,NA
"18990",3211000,"Powiat policki",2019,NA
"18991",3212000,"Powiat pyrzycki",2019,NA
"18992",3213000,"Powiat sławieński",2019,NA
"18993",3214000,"Powiat stargardzki",2019,NA
"18994",3215000,"Powiat szczecinecki",2019,NA
"18995",3216000,"Powiat świdwiński",2019,NA
"18996",3217000,"Powiat wałecki",2019,NA
"18997",3218000,"Powiat łobeski",2019,NA
"18998",3261000,"Powiat m.Koszalin",2019,NA
"18999",3262000,"Powiat m.Szczecin",2019,NA
"19000",3263000,"Powiat m.Świnoujście",2019,NA
