"","Kod","Nazwa","rok","UCZELNIE_CTAB_studenci_ogolem_osoba"
"2759",201000,"Powiat bolesławiecki",2012,124
"2760",202000,"Powiat dzierżoniowski",2012,83
"2761",203000,"Powiat głogowski",2012,1031
"2762",208000,"Powiat kłodzki",2012,674
"2763",211000,"Powiat lubiński",2012,1197
"2764",213000,"Powiat milicki",2012,105
"2765",216000,"Powiat polkowicki",2012,445
"2766",219000,"Powiat świdnicki",2012,474
"2767",221000,"Powiat wałbrzyski",2012,5069
"2768",224000,"Powiat ząbkowicki",2012,67
"2769",225000,"Powiat zgorzelecki",2012,210
"2770",261000,"Powiat m.Jelenia Góra",2012,3839
"2771",262000,"Powiat m.Legnica",2012,7388
"2772",264000,"Powiat m.Wrocław",2012,134383
"2773",265000,"Powiat m.Wałbrzych od 2013",2012,NA
"2774",402000,"Powiat brodnicki",2012,193
"2775",407000,"Powiat inowrocławski",2012,463
"2776",414000,"Powiat świecki",2012,257
"2777",415000,"Powiat toruński",2012,0
"2778",416000,"Powiat tucholski",2012,783
"2779",461000,"Powiat m.Bydgoszcz",2012,40167
"2780",462000,"Powiat m.Grudziądz",2012,731
"2781",463000,"Powiat m.Toruń",2012,30385
"2782",464000,"Powiat m.Włocławek",2012,3802
"2783",602000,"Powiat biłgorajski",2012,109
"2784",611000,"Powiat łukowski",2012,191
"2785",614000,"Powiat puławski",2012,260
"2786",616000,"Powiat rycki",2012,1833
"2787",618000,"Powiat tomaszowski",2012,566
"2788",661000,"Powiat m.Biała Podlaska",2012,5916
"2789",662000,"Powiat m.Chełm",2012,3395
"2790",663000,"Powiat m.Lublin",2012,77173
"2791",664000,"Powiat m.Zamość",2012,3702
"2792",801000,"Powiat gorzowski",2012,239
"2793",802000,"Powiat krośnieński",2012,0
"2794",805000,"Powiat słubicki",2012,588
"2795",809000,"Powiat zielonogórski",2012,952
"2796",810000,"Powiat żagański",2012,11
"2797",811000,"Powiat żarski",2012,390
"2798",861000,"Powiat m.Gorzów Wielkopolski",2012,4637
"2799",862000,"Powiat m.Zielona Góra",2012,14467
"2800",1001000,"Powiat bełchatowski",2012,303
"2801",1002000,"Powiat kutnowski",2012,1243
"2802",1005000,"Powiat łowicki",2012,598
"2803",1008000,"Powiat pabianicki",2012,253
"2804",1012000,"Powiat radomszczański",2012,180
"2805",1014000,"Powiat sieradzki",2012,478
"2806",1016000,"Powiat tomaszowski",2012,967
"2807",1017000,"Powiat wieluński",2012,194
"2808",1019000,"Powiat zduńskowolski",2012,204
"2809",1061000,"Powiat m.Łódź",2012,91546
"2810",1062000,"Powiat m.Piotrków Trybunalski",2012,3749
"2811",1063000,"Powiat m.Skierniewice",2012,2017
"2812",1201000,"Powiat bocheński",2012,229
"2813",1202000,"Powiat brzeski",2012,191
"2814",1203000,"Powiat chrzanowski",2012,496
"2815",1207000,"Powiat limanowski",2012,0
"2816",1208000,"Powiat miechowski",2012,331
"2817",1209000,"Powiat myślenicki",2012,778
"2818",1211000,"Powiat nowotarski",2012,2324
"2819",1212000,"Powiat olkuski",2012,449
"2820",1213000,"Powiat oświęcimski",2012,1206
"2821",1215000,"Powiat suski",2012,588
"2822",1217000,"Powiat tatrzański",2012,116
"2823",1261000,"Powiat m.Kraków",2012,181924
"2824",1262000,"Powiat m.Nowy Sącz",2012,7410
"2825",1263000,"Powiat m.Tarnów",2012,6936
"2826",1402000,"Powiat ciechanowski",2012,1955
"2827",1403000,"Powiat garwoliński",2012,191
"2828",1405000,"Powiat grodziski",2012,978
"2829",1406000,"Powiat grójecki",2012,60
"2830",1412000,"Powiat miński",2012,303
"2831",1413000,"Powiat mławski",2012,213
"2832",1415000,"Powiat ostrołęcki",2012,0
"2833",1416000,"Powiat ostrowski",2012,103
"2834",1417000,"Powiat otwocki",2012,2053
"2835",1420000,"Powiat płoński",2012,338
"2836",1421000,"Powiat pruszkowski",2012,580
"2837",1422000,"Powiat przasnyski",2012,72
"2838",1424000,"Powiat pułtuski",2012,2205
"2839",1426000,"Powiat siedlecki",2012,53
"2840",1428000,"Powiat sochaczewski",2012,382
"2841",1433000,"Powiat węgrowski",2012,72
"2842",1434000,"Powiat wołomiński",2012,104
"2843",1435000,"Powiat wyszkowski",2012,527
"2844",1438000,"Powiat żyrardowski",2012,793
"2845",1461000,"Powiat m.Ostrołęka",2012,885
"2846",1462000,"Powiat m.Płock",2012,7943
"2847",1463000,"Powiat m.Radom",2012,13257
"2848",1464000,"Powiat m.Siedlce",2012,10411
"2849",1465000,"Powiat m. st. Warszawa",2012,268555
"2850",1601000,"Powiat brzeski",2012,255
"2851",1603000,"Powiat kędzierzyńsko-kozielski",2012,4
"2852",1607000,"Powiat nyski",2012,3340
"2853",1661000,"Powiat m.Opole",2012,31023
"2854",1803000,"Powiat dębicki",2012,258
"2855",1804000,"Powiat jarosławski",2012,3606
"2856",1805000,"Powiat jasielski",2012,671
"2857",1806000,"Powiat kolbuszowski",2012,256
"2858",1811000,"Powiat mielecki",2012,471
"2859",1812000,"Powiat niżański",2012,184
"2860",1814000,"Powiat przeworski",2012,186
"2861",1817000,"Powiat sanocki",2012,1411
"2862",1818000,"Powiat stalowowolski",2012,2176
"2863",1861000,"Powiat m.Krosno",2012,3708
"2864",1862000,"Powiat m.Przemyśl",2012,1615
"2865",1863000,"Powiat m.Rzeszów",2012,51851
"2866",1864000,"Powiat m.Tarnobrzeg",2012,1142
"2867",2001000,"Powiat augustowski",2012,61
"2868",2005000,"Powiat hajnowski",2012,290
"2869",2010000,"Powiat siemiatycki",2012,166
"2870",2061000,"Powiat m.Białystok",2012,39699
"2871",2062000,"Powiat m.Łomża",2012,4243
"2872",2063000,"Powiat m.Suwałki",2012,2358
"2873",2202000,"Powiat chojnicki",2012,782
"2874",2203000,"Powiat człuchowski",2012,72
"2875",2205000,"Powiat kartuski",2012,77
"2876",2206000,"Powiat kościerski",2012,60
"2877",2207000,"Powiat kwidzyński",2012,688
"2878",2208000,"Powiat lęborski",2012,197
"2879",2209000,"Powiat malborski",2012,283
"2880",2213000,"Powiat starogardzki",2012,443
"2881",2214000,"Powiat tczewski",2012,0
"2882",2215000,"Powiat wejherowski",2012,310
"2883",2261000,"Powiat m.Gdańsk",2012,80908
"2884",2262000,"Powiat m.Gdynia",2012,15545
"2885",2263000,"Powiat m.Słupsk",2012,4832
"2886",2264000,"Powiat m.Sopot",2012,2246
"2887",2401000,"Powiat będziński",2012,36
"2888",2403000,"Powiat cieszyński",2012,3617
"2889",2409000,"Powiat myszkowski",2012,24
"2890",2411000,"Powiat raciborski",2012,1719
"2891",2413000,"Powiat tarnogórski",2012,264
"2892",2415000,"Powiat wodzisławski",2012,291
"2893",2416000,"Powiat zawierciański",2012,0
"2894",2417000,"Powiat żywiecki",2012,450
"2895",2461000,"Powiat m.Bielsko-Biała",2012,12098
"2896",2462000,"Powiat m.Bytom",2012,854
"2897",2463000,"Powiat m.Chorzów",2012,6047
"2898",2464000,"Powiat m.Częstochowa",2012,20522
"2899",2465000,"Powiat m.Dąbrowa Górnicza",2012,5344
"2900",2466000,"Powiat m.Gliwice",2012,27979
"2901",2467000,"Powiat m.Jastrzębie-Zdrój",2012,368
"2902",2468000,"Powiat m.Jaworzno",2012,383
"2903",2469000,"Powiat m.Katowice",2012,63099
"2904",2470000,"Powiat m.Mysłowice",2012,742
"2905",2472000,"Powiat m.Ruda Śląska",2012,474
"2906",2473000,"Powiat m.Rybnik",2012,3182
"2907",2475000,"Powiat m.Sosnowiec",2012,9421
"2908",2477000,"Powiat m.Tychy",2012,799
"2909",2478000,"Powiat m.Zabrze",2012,256
"2910",2479000,"Powiat m.Żory",2012,809
"2911",2607000,"Powiat ostrowiecki",2012,1637
"2912",2608000,"Powiat pińczowski",2012,400
"2913",2609000,"Powiat sandomierski",2012,587
"2914",2610000,"Powiat skarżyski",2012,106
"2915",2611000,"Powiat starachowicki",2012,59
"2916",2661000,"Powiat m.Kielce",2012,35713
"2917",2801000,"Powiat bartoszycki",2012,0
"2918",2805000,"Powiat ełcki",2012,1035
"2919",2806000,"Powiat giżycki",2012,18
"2920",2807000,"Powiat iławski",2012,410
"2921",2808000,"Powiat kętrzyński",2012,546
"2922",2813000,"Powiat olecki",2012,252
"2923",2817000,"Powiat szczycieński",2012,2503
"2924",2861000,"Powiat m.Elbląg",2012,5007
"2925",2862000,"Powiat m.Olsztyn",2012,34801
"2926",3002000,"Powiat czarnkowsko-trzcianecki",2012,99
"2927",3003000,"Powiat gnieźnieński",2012,2218
"2928",3006000,"Powiat jarociński",2012,876
"2929",3007000,"Powiat kaliski",2012,0
"2930",3008000,"Powiat kępiński",2012,126
"2931",3009000,"Powiat kolski",2012,88
"2932",3011000,"Powiat kościański",2012,77
"2933",3015000,"Powiat nowotomyski",2012,662
"2934",3017000,"Powiat ostrowski",2012,1009
"2935",3019000,"Powiat pilski",2012,3038
"2936",3021000,"Powiat poznański",2012,0
"2937",3023000,"Powiat słupecki",2012,0
"2938",3025000,"Powiat średzki",2012,1336
"2939",3026000,"Powiat śremski",2012,28
"2940",3027000,"Powiat turecki",2012,340
"2941",3028000,"Powiat wągrowiecki",2012,240
"2942",3030000,"Powiat wrzesiński",2012,0
"2943",3061000,"Powiat m.Kalisz",2012,7078
"2944",3062000,"Powiat m.Konin",2012,3529
"2945",3063000,"Powiat m.Leszno",2012,4078
"2946",3064000,"Powiat m.Poznań",2012,128212
"2947",3204000,"Powiat goleniowski",2012,228
"2948",3205000,"Powiat gryficki",2012,229
"2949",3208000,"Powiat kołobrzeski",2012,577
"2950",3214000,"Powiat stargardzki",2012,575
"2951",3215000,"Powiat szczecinecki",2012,295
"2952",3217000,"Powiat wałecki",2012,720
"2953",3261000,"Powiat m.Koszalin",2012,11346
"2954",3262000,"Powiat m.Szczecin",2012,48377
"2955",3263000,"Powiat m.Świnoujście",2012,123
"2956",201000,"Powiat bolesławiecki",2013,0
"2957",202000,"Powiat dzierżoniowski",2013,31
"2958",203000,"Powiat głogowski",2013,819
"2959",208000,"Powiat kłodzki",2013,449
"2960",211000,"Powiat lubiński",2013,1092
"2961",213000,"Powiat milicki",2013,76
"2962",216000,"Powiat polkowicki",2013,479
"2963",219000,"Powiat świdnicki",2013,438
"2964",221000,"Powiat wałbrzyski",2013,0
"2965",224000,"Powiat ząbkowicki",2013,44
"2966",225000,"Powiat zgorzelecki",2013,0
"2967",261000,"Powiat m.Jelenia Góra",2013,3173
"2968",262000,"Powiat m.Legnica",2013,4966
"2969",264000,"Powiat m.Wrocław",2013,125809
"2970",265000,"Powiat m.Wałbrzych od 2013",2013,4331
"2971",402000,"Powiat brodnicki",2013,165
"2972",407000,"Powiat inowrocławski",2013,435
"2973",414000,"Powiat świecki",2013,189
"2974",415000,"Powiat toruński",2013,0
"2975",416000,"Powiat tucholski",2013,762
"2976",461000,"Powiat m.Bydgoszcz",2013,36423
"2977",462000,"Powiat m.Grudziądz",2013,455
"2978",463000,"Powiat m.Toruń",2013,27802
"2979",464000,"Powiat m.Włocławek",2013,3255
"2980",602000,"Powiat biłgorajski",2013,35
"2981",611000,"Powiat łukowski",2013,133
"2982",614000,"Powiat puławski",2013,157
"2983",616000,"Powiat rycki",2013,1989
"2984",618000,"Powiat tomaszowski",2013,365
"2985",661000,"Powiat m.Biała Podlaska",2013,5568
"2986",662000,"Powiat m.Chełm",2013,2818
"2987",663000,"Powiat m.Lublin",2013,71913
"2988",664000,"Powiat m.Zamość",2013,2898
"2989",801000,"Powiat gorzowski",2013,200
"2990",802000,"Powiat krośnieński",2013,0
"2991",805000,"Powiat słubicki",2013,593
"2992",809000,"Powiat zielonogórski",2013,753
"2993",810000,"Powiat żagański",2013,10
"2994",811000,"Powiat żarski",2013,277
"2995",861000,"Powiat m.Gorzów Wielkopolski",2013,3893
"2996",862000,"Powiat m.Zielona Góra",2013,13274
"2997",1001000,"Powiat bełchatowski",2013,164
"2998",1002000,"Powiat kutnowski",2013,1055
"2999",1005000,"Powiat łowicki",2013,286
"3000",1008000,"Powiat pabianicki",2013,180
"3001",1012000,"Powiat radomszczański",2013,140
"3002",1014000,"Powiat sieradzki",2013,238
"3003",1016000,"Powiat tomaszowski",2013,970
"3004",1017000,"Powiat wieluński",2013,117
"3005",1019000,"Powiat zduńskowolski",2013,192
"3006",1061000,"Powiat m.Łódź",2013,83471
"3007",1062000,"Powiat m.Piotrków Trybunalski",2013,3378
"3008",1063000,"Powiat m.Skierniewice",2013,1962
"3009",1201000,"Powiat bocheński",2013,193
"3010",1202000,"Powiat brzeski",2013,92
"3011",1203000,"Powiat chrzanowski",2013,295
"3012",1207000,"Powiat limanowski",2013,0
"3013",1208000,"Powiat miechowski",2013,280
"3014",1209000,"Powiat myślenicki",2013,950
"3015",1211000,"Powiat nowotarski",2013,2207
"3016",1212000,"Powiat olkuski",2013,367
"3017",1213000,"Powiat oświęcimski",2013,1177
"3018",1215000,"Powiat suski",2013,512
"3019",1217000,"Powiat tatrzański",2013,109
"3020",1261000,"Powiat m.Kraków",2013,170519
"3021",1262000,"Powiat m.Nowy Sącz",2013,6434
"3022",1263000,"Powiat m.Tarnów",2013,6474
"3023",1402000,"Powiat ciechanowski",2013,1979
"3024",1403000,"Powiat garwoliński",2013,181
"3025",1405000,"Powiat grodziski",2013,1297
"3026",1406000,"Powiat grójecki",2013,0
"3027",1412000,"Powiat miński",2013,280
"3028",1413000,"Powiat mławski",2013,189
"3029",1415000,"Powiat ostrołęcki",2013,0
"3030",1416000,"Powiat ostrowski",2013,56
"3031",1417000,"Powiat otwocki",2013,1979
"3032",1420000,"Powiat płoński",2013,254
"3033",1421000,"Powiat pruszkowski",2013,679
"3034",1422000,"Powiat przasnyski",2013,56
"3035",1424000,"Powiat pułtuski",2013,1696
"3036",1426000,"Powiat siedlecki",2013,52
"3037",1428000,"Powiat sochaczewski",2013,338
"3038",1433000,"Powiat węgrowski",2013,43
"3039",1434000,"Powiat wołomiński",2013,102
"3040",1435000,"Powiat wyszkowski",2013,390
"3041",1438000,"Powiat żyrardowski",2013,576
"3042",1461000,"Powiat m.Ostrołęka",2013,675
"3043",1462000,"Powiat m.Płock",2013,7296
"3044",1463000,"Powiat m.Radom",2013,11808
"3045",1464000,"Powiat m.Siedlce",2013,9230
"3046",1465000,"Powiat m. st. Warszawa",2013,255257
"3047",1601000,"Powiat brzeski",2013,241
"3048",1603000,"Powiat kędzierzyńsko-kozielski",2013,0
"3049",1607000,"Powiat nyski",2013,2785
"3050",1661000,"Powiat m.Opole",2013,27949
"3051",1803000,"Powiat dębicki",2013,214
"3052",1804000,"Powiat jarosławski",2013,3619
"3053",1805000,"Powiat jasielski",2013,663
"3054",1806000,"Powiat kolbuszowski",2013,222
"3055",1811000,"Powiat mielecki",2013,400
"3056",1812000,"Powiat niżański",2013,204
"3057",1814000,"Powiat przeworski",2013,265
"3058",1817000,"Powiat sanocki",2013,1184
"3059",1818000,"Powiat stalowowolski",2013,1945
"3060",1861000,"Powiat m.Krosno",2013,3154
"3061",1862000,"Powiat m.Przemyśl",2013,1412
"3062",1863000,"Powiat m.Rzeszów",2013,47995
"3063",1864000,"Powiat m.Tarnobrzeg",2013,1454
"3064",2001000,"Powiat augustowski",2013,26
"3065",2005000,"Powiat hajnowski",2013,271
"3066",2010000,"Powiat siemiatycki",2013,185
"3067",2061000,"Powiat m.Białystok",2013,35521
"3068",2062000,"Powiat m.Łomża",2013,3898
"3069",2063000,"Powiat m.Suwałki",2013,2156
"3070",2202000,"Powiat chojnicki",2013,694
"3071",2203000,"Powiat człuchowski",2013,44
"3072",2205000,"Powiat kartuski",2013,41
"3073",2206000,"Powiat kościerski",2013,94
"3074",2207000,"Powiat kwidzyński",2013,695
"3075",2208000,"Powiat lęborski",2013,171
"3076",2209000,"Powiat malborski",2013,247
"3077",2213000,"Powiat starogardzki",2013,417
"3078",2214000,"Powiat tczewski",2013,0
"3079",2215000,"Powiat wejherowski",2013,333
"3080",2261000,"Powiat m.Gdańsk",2013,78525
"3081",2262000,"Powiat m.Gdynia",2013,14709
"3082",2263000,"Powiat m.Słupsk",2013,3987
"3083",2264000,"Powiat m.Sopot",2013,1957
"3084",2401000,"Powiat będziński",2013,11
"3085",2403000,"Powiat cieszyński",2013,3003
"3086",2409000,"Powiat myszkowski",2013,0
"3087",2411000,"Powiat raciborski",2013,1431
"3088",2413000,"Powiat tarnogórski",2013,227
"3089",2415000,"Powiat wodzisławski",2013,213
"3090",2416000,"Powiat zawierciański",2013,0
"3091",2417000,"Powiat żywiecki",2013,316
"3092",2461000,"Powiat m.Bielsko-Biała",2013,11100
"3093",2462000,"Powiat m.Bytom",2013,331
"3094",2463000,"Powiat m.Chorzów",2013,5829
"3095",2464000,"Powiat m.Częstochowa",2013,18721
"3096",2465000,"Powiat m.Dąbrowa Górnicza",2013,5199
"3097",2466000,"Powiat m.Gliwice",2013,26989
"3098",2467000,"Powiat m.Jastrzębie-Zdrój",2013,361
"3099",2468000,"Powiat m.Jaworzno",2013,297
"3100",2469000,"Powiat m.Katowice",2013,58182
"3101",2470000,"Powiat m.Mysłowice",2013,608
"3102",2472000,"Powiat m.Ruda Śląska",2013,431
"3103",2473000,"Powiat m.Rybnik",2013,1930
"3104",2475000,"Powiat m.Sosnowiec",2013,7993
"3105",2477000,"Powiat m.Tychy",2013,538
"3106",2478000,"Powiat m.Zabrze",2013,192
"3107",2479000,"Powiat m.Żory",2013,643
"3108",2607000,"Powiat ostrowiecki",2013,1452
"3109",2608000,"Powiat pińczowski",2013,157
"3110",2609000,"Powiat sandomierski",2013,606
"3111",2610000,"Powiat skarżyski",2013,111
"3112",2611000,"Powiat starachowicki",2013,34
"3113",2661000,"Powiat m.Kielce",2013,31400
"3114",2801000,"Powiat bartoszycki",2013,0
"3115",2805000,"Powiat ełcki",2013,849
"3116",2806000,"Powiat giżycki",2013,0
"3117",2807000,"Powiat iławski",2013,366
"3118",2808000,"Powiat kętrzyński",2013,387
"3119",2813000,"Powiat olecki",2013,0
"3120",2817000,"Powiat szczycieński",2013,2354
"3121",2861000,"Powiat m.Elbląg",2013,4427
"3122",2862000,"Powiat m.Olsztyn",2013,31014
"3123",3002000,"Powiat czarnkowsko-trzcianecki",2013,64
"3124",3003000,"Powiat gnieźnieński",2013,1875
"3125",3006000,"Powiat jarociński",2013,617
"3126",3007000,"Powiat kaliski",2013,179
"3127",3008000,"Powiat kępiński",2013,119
"3128",3009000,"Powiat kolski",2013,40
"3129",3011000,"Powiat kościański",2013,18
"3130",3015000,"Powiat nowotomyski",2013,490
"3131",3017000,"Powiat ostrowski",2013,714
"3132",3019000,"Powiat pilski",2013,2821
"3133",3021000,"Powiat poznański",2013,0
"3134",3023000,"Powiat słupecki",2013,0
"3135",3025000,"Powiat średzki",2013,1271
"3136",3026000,"Powiat śremski",2013,4
"3137",3027000,"Powiat turecki",2013,0
"3138",3028000,"Powiat wągrowiecki",2013,209
"3139",3030000,"Powiat wrzesiński",2013,0
"3140",3061000,"Powiat m.Kalisz",2013,6624
"3141",3062000,"Powiat m.Konin",2013,3394
"3142",3063000,"Powiat m.Leszno",2013,3754
"3143",3064000,"Powiat m.Poznań",2013,121117
"3144",3204000,"Powiat goleniowski",2013,179
"3145",3205000,"Powiat gryficki",2013,263
"3146",3208000,"Powiat kołobrzeski",2013,223
"3147",3214000,"Powiat stargardzki",2013,477
"3148",3215000,"Powiat szczecinecki",2013,280
"3149",3217000,"Powiat wałecki",2013,621
"3150",3261000,"Powiat m.Koszalin",2013,10508
"3151",3262000,"Powiat m.Szczecin",2013,45141
"3152",3263000,"Powiat m.Świnoujście",2013,123
"3153",201000,"Powiat bolesławiecki",2014,0
"3154",202000,"Powiat dzierżoniowski",2014,0
"3155",203000,"Powiat głogowski",2014,707
"3156",208000,"Powiat kłodzki",2014,381
"3157",211000,"Powiat lubiński",2014,927
"3158",213000,"Powiat milicki",2014,51
"3159",216000,"Powiat polkowicki",2014,427
"3160",219000,"Powiat świdnicki",2014,408
"3161",221000,"Powiat wałbrzyski",2014,0
"3162",224000,"Powiat ząbkowicki",2014,23
"3163",225000,"Powiat zgorzelecki",2014,64
"3164",261000,"Powiat m.Jelenia Góra",2014,2738
"3165",262000,"Powiat m.Legnica",2014,5238
"3166",264000,"Powiat m.Wrocław",2014,122146
"3167",265000,"Powiat m.Wałbrzych od 2013",2014,3640
"3168",402000,"Powiat brodnicki",2014,135
"3169",407000,"Powiat inowrocławski",2014,479
"3170",414000,"Powiat świecki",2014,115
"3171",415000,"Powiat toruński",2014,0
"3172",416000,"Powiat tucholski",2014,668
"3173",461000,"Powiat m.Bydgoszcz",2014,34616
"3174",462000,"Powiat m.Grudziądz",2014,257
"3175",463000,"Powiat m.Toruń",2014,26354
"3176",464000,"Powiat m.Włocławek",2014,2593
"3177",602000,"Powiat biłgorajski",2014,12
"3178",611000,"Powiat łukowski",2014,108
"3179",614000,"Powiat puławski",2014,174
"3180",616000,"Powiat rycki",2014,2125
"3181",618000,"Powiat tomaszowski",2014,174
"3182",661000,"Powiat m.Biała Podlaska",2014,4942
"3183",662000,"Powiat m.Chełm",2014,2489
"3184",663000,"Powiat m.Lublin",2014,69658
"3185",664000,"Powiat m.Zamość",2014,2318
"3186",801000,"Powiat gorzowski",2014,215
"3187",802000,"Powiat krośnieński",2014,0
"3188",805000,"Powiat słubicki",2014,563
"3189",809000,"Powiat zielonogórski",2014,671
"3190",810000,"Powiat żagański",2014,8
"3191",811000,"Powiat żarski",2014,278
"3192",861000,"Powiat m.Gorzów Wielkopolski",2014,3439
"3193",862000,"Powiat m.Zielona Góra",2014,12794
"3194",1001000,"Powiat bełchatowski",2014,41
"3195",1002000,"Powiat kutnowski",2014,1076
"3196",1005000,"Powiat łowicki",2014,124
"3197",1008000,"Powiat pabianicki",2014,100
"3198",1012000,"Powiat radomszczański",2014,83
"3199",1014000,"Powiat sieradzki",2014,183
"3200",1016000,"Powiat tomaszowski",2014,977
"3201",1017000,"Powiat wieluński",2014,41
"3202",1019000,"Powiat zduńskowolski",2014,186
"3203",1061000,"Powiat m.Łódź",2014,80676
"3204",1062000,"Powiat m.Piotrków Trybunalski",2014,2087
"3205",1063000,"Powiat m.Skierniewice",2014,1810
"3206",1201000,"Powiat bocheński",2014,339
"3207",1202000,"Powiat brzeski",2014,0
"3208",1203000,"Powiat chrzanowski",2014,196
"3209",1207000,"Powiat limanowski",2014,0
"3210",1208000,"Powiat miechowski",2014,215
"3211",1209000,"Powiat myślenicki",2014,878
"3212",1211000,"Powiat nowotarski",2014,2117
"3213",1212000,"Powiat olkuski",2014,417
"3214",1213000,"Powiat oświęcimski",2014,1211
"3215",1215000,"Powiat suski",2014,535
"3216",1217000,"Powiat tatrzański",2014,58
"3217",1261000,"Powiat m.Kraków",2014,165857
"3218",1262000,"Powiat m.Nowy Sącz",2014,5592
"3219",1263000,"Powiat m.Tarnów",2014,6016
"3220",1402000,"Powiat ciechanowski",2014,1887
"3221",1403000,"Powiat garwoliński",2014,153
"3222",1405000,"Powiat grodziski",2014,1186
"3223",1406000,"Powiat grójecki",2014,0
"3224",1412000,"Powiat miński",2014,264
"3225",1413000,"Powiat mławski",2014,162
"3226",1415000,"Powiat ostrołęcki",2014,0
"3227",1416000,"Powiat ostrowski",2014,45
"3228",1417000,"Powiat otwocki",2014,1825
"3229",1420000,"Powiat płoński",2014,212
"3230",1421000,"Powiat pruszkowski",2014,522
"3231",1422000,"Powiat przasnyski",2014,59
"3232",1424000,"Powiat pułtuski",2014,1315
"3233",1426000,"Powiat siedlecki",2014,63
"3234",1428000,"Powiat sochaczewski",2014,299
"3235",1433000,"Powiat węgrowski",2014,6
"3236",1434000,"Powiat wołomiński",2014,110
"3237",1435000,"Powiat wyszkowski",2014,389
"3238",1438000,"Powiat żyrardowski",2014,317
"3239",1461000,"Powiat m.Ostrołęka",2014,520
"3240",1462000,"Powiat m.Płock",2014,6887
"3241",1463000,"Powiat m.Radom",2014,10654
"3242",1464000,"Powiat m.Siedlce",2014,8483
"3243",1465000,"Powiat m. st. Warszawa",2014,247515
"3244",1601000,"Powiat brzeski",2014,317
"3245",1603000,"Powiat kędzierzyńsko-kozielski",2014,0
"3246",1607000,"Powiat nyski",2014,2503
"3247",1661000,"Powiat m.Opole",2014,25015
"3248",1803000,"Powiat dębicki",2014,114
"3249",1804000,"Powiat jarosławski",2014,3703
"3250",1805000,"Powiat jasielski",2014,668
"3251",1806000,"Powiat kolbuszowski",2014,143
"3252",1811000,"Powiat mielecki",2014,390
"3253",1812000,"Powiat niżański",2014,146
"3254",1814000,"Powiat przeworski",2014,197
"3255",1817000,"Powiat sanocki",2014,1028
"3256",1818000,"Powiat stalowowolski",2014,1706
"3257",1861000,"Powiat m.Krosno",2014,2733
"3258",1862000,"Powiat m.Przemyśl",2014,1332
"3259",1863000,"Powiat m.Rzeszów",2014,45801
"3260",1864000,"Powiat m.Tarnobrzeg",2014,1360
"3261",2001000,"Powiat augustowski",2014,0
"3262",2005000,"Powiat hajnowski",2014,271
"3263",2010000,"Powiat siemiatycki",2014,164
"3264",2061000,"Powiat m.Białystok",2014,32568
"3265",2062000,"Powiat m.Łomża",2014,3593
"3266",2063000,"Powiat m.Suwałki",2014,1806
"3267",2202000,"Powiat chojnicki",2014,561
"3268",2203000,"Powiat człuchowski",2014,20
"3269",2205000,"Powiat kartuski",2014,16
"3270",2206000,"Powiat kościerski",2014,87
"3271",2207000,"Powiat kwidzyński",2014,753
"3272",2208000,"Powiat lęborski",2014,131
"3273",2209000,"Powiat malborski",2014,203
"3274",2213000,"Powiat starogardzki",2014,346
"3275",2214000,"Powiat tczewski",2014,0
"3276",2215000,"Powiat wejherowski",2014,218
"3277",2261000,"Powiat m.Gdańsk",2014,76560
"3278",2262000,"Powiat m.Gdynia",2014,13760
"3279",2263000,"Powiat m.Słupsk",2014,3448
"3280",2264000,"Powiat m.Sopot",2014,1883
"3281",2401000,"Powiat będziński",2014,0
"3282",2403000,"Powiat cieszyński",2014,2759
"3283",2409000,"Powiat myszkowski",2014,0
"3284",2411000,"Powiat raciborski",2014,1386
"3285",2413000,"Powiat tarnogórski",2014,205
"3286",2415000,"Powiat wodzisławski",2014,137
"3287",2416000,"Powiat zawierciański",2014,0
"3288",2417000,"Powiat żywiecki",2014,301
"3289",2461000,"Powiat m.Bielsko-Biała",2014,9501
"3290",2462000,"Powiat m.Bytom",2014,119
"3291",2463000,"Powiat m.Chorzów",2014,5789
"3292",2464000,"Powiat m.Częstochowa",2014,16784
"3293",2465000,"Powiat m.Dąbrowa Górnicza",2014,5597
"3294",2466000,"Powiat m.Gliwice",2014,25548
"3295",2467000,"Powiat m.Jastrzębie-Zdrój",2014,311
"3296",2468000,"Powiat m.Jaworzno",2014,183
"3297",2469000,"Powiat m.Katowice",2014,54804
"3298",2470000,"Powiat m.Mysłowice",2014,379
"3299",2472000,"Powiat m.Ruda Śląska",2014,381
"3300",2473000,"Powiat m.Rybnik",2014,1329
"3301",2475000,"Powiat m.Sosnowiec",2014,8372
"3302",2477000,"Powiat m.Tychy",2014,422
"3303",2478000,"Powiat m.Zabrze",2014,105
"3304",2479000,"Powiat m.Żory",2014,411
"3305",2607000,"Powiat ostrowiecki",2014,1464
"3306",2608000,"Powiat pińczowski",2014,299
"3307",2609000,"Powiat sandomierski",2014,487
"3308",2610000,"Powiat skarżyski",2014,94
"3309",2611000,"Powiat starachowicki",2014,17
"3310",2661000,"Powiat m.Kielce",2014,27799
"3311",2801000,"Powiat bartoszycki",2014,53
"3312",2805000,"Powiat ełcki",2014,461
"3313",2806000,"Powiat giżycki",2014,0
"3314",2807000,"Powiat iławski",2014,298
"3315",2808000,"Powiat kętrzyński",2014,275
"3316",2813000,"Powiat olecki",2014,0
"3317",2817000,"Powiat szczycieński",2014,2438
"3318",2861000,"Powiat m.Elbląg",2014,3787
"3319",2862000,"Powiat m.Olsztyn",2014,28211
"3320",3002000,"Powiat czarnkowsko-trzcianecki",2014,43
"3321",3003000,"Powiat gnieźnieński",2014,1496
"3322",3006000,"Powiat jarociński",2014,309
"3323",3007000,"Powiat kaliski",2014,98
"3324",3008000,"Powiat kępiński",2014,0
"3325",3009000,"Powiat kolski",2014,2
"3326",3011000,"Powiat kościański",2014,0
"3327",3015000,"Powiat nowotomyski",2014,373
"3328",3017000,"Powiat ostrowski",2014,651
"3329",3019000,"Powiat pilski",2014,2422
"3330",3021000,"Powiat poznański",2014,0
"3331",3023000,"Powiat słupecki",2014,0
"3332",3025000,"Powiat średzki",2014,1259
"3333",3026000,"Powiat śremski",2014,0
"3334",3027000,"Powiat turecki",2014,0
"3335",3028000,"Powiat wągrowiecki",2014,188
"3336",3030000,"Powiat wrzesiński",2014,0
"3337",3061000,"Powiat m.Kalisz",2014,5748
"3338",3062000,"Powiat m.Konin",2014,3218
"3339",3063000,"Powiat m.Leszno",2014,3104
"3340",3064000,"Powiat m.Poznań",2014,116969
"3341",3204000,"Powiat goleniowski",2014,13
"3342",3205000,"Powiat gryficki",2014,264
"3343",3208000,"Powiat kołobrzeski",2014,202
"3344",3214000,"Powiat stargardzki",2014,311
"3345",3215000,"Powiat szczecinecki",2014,256
"3346",3217000,"Powiat wałecki",2014,611
"3347",3261000,"Powiat m.Koszalin",2014,9011
"3348",3262000,"Powiat m.Szczecin",2014,42081
"3349",3263000,"Powiat m.Świnoujście",2014,104
"3350",201000,"Powiat bolesławiecki",2015,0
"3351",202000,"Powiat dzierżoniowski",2015,0
"3352",203000,"Powiat głogowski",2015,624
"3353",208000,"Powiat kłodzki",2015,377
"3354",211000,"Powiat lubiński",2015,802
"3355",213000,"Powiat milicki",2015,0
"3356",216000,"Powiat polkowicki",2015,396
"3357",219000,"Powiat świdnicki",2015,296
"3358",221000,"Powiat wałbrzyski",2015,0
"3359",224000,"Powiat ząbkowicki",2015,0
"3360",225000,"Powiat zgorzelecki",2015,0
"3361",261000,"Powiat m.Jelenia Góra",2015,2299
"3362",262000,"Powiat m.Legnica",2015,4796
"3363",264000,"Powiat m.Wrocław",2015,120007
"3364",265000,"Powiat m.Wałbrzych od 2013",2015,3005
"3365",402000,"Powiat brodnicki",2015,85
"3366",407000,"Powiat inowrocławski",2015,506
"3367",414000,"Powiat świecki",2015,82
"3368",415000,"Powiat toruński",2015,0
"3369",416000,"Powiat tucholski",2015,615
"3370",461000,"Powiat m.Bydgoszcz",2015,32947
"3371",462000,"Powiat m.Grudziądz",2015,225
"3372",463000,"Powiat m.Toruń",2015,25132
"3373",464000,"Powiat m.Włocławek",2015,2267
"3374",602000,"Powiat biłgorajski",2015,0
"3375",611000,"Powiat łukowski",2015,100
"3376",614000,"Powiat puławski",2015,253
"3377",616000,"Powiat rycki",2015,2294
"3378",618000,"Powiat tomaszowski",2015,72
"3379",661000,"Powiat m.Biała Podlaska",2015,4479
"3380",662000,"Powiat m.Chełm",2015,2315
"3381",663000,"Powiat m.Lublin",2015,67315
"3382",664000,"Powiat m.Zamość",2015,1558
"3383",801000,"Powiat gorzowski",2015,103
"3384",802000,"Powiat krośnieński",2015,0
"3385",805000,"Powiat słubicki",2015,517
"3386",809000,"Powiat zielonogórski",2015,484
"3387",810000,"Powiat żagański",2015,0
"3388",811000,"Powiat żarski",2015,247
"3389",861000,"Powiat m.Gorzów Wielkopolski",2015,3064
"3390",862000,"Powiat m.Zielona Góra",2015,12118
"3391",1001000,"Powiat bełchatowski",2015,477
"3392",1002000,"Powiat kutnowski",2015,902
"3393",1005000,"Powiat łowicki",2015,24
"3394",1008000,"Powiat pabianicki",2015,0
"3395",1012000,"Powiat radomszczański",2015,0
"3396",1014000,"Powiat sieradzki",2015,148
"3397",1016000,"Powiat tomaszowski",2015,877
"3398",1017000,"Powiat wieluński",2015,0
"3399",1019000,"Powiat zduńskowolski",2015,237
"3400",1061000,"Powiat m.Łódź",2015,76353
"3401",1062000,"Powiat m.Piotrków Trybunalski",2015,1600
"3402",1063000,"Powiat m.Skierniewice",2015,1584
"3403",1201000,"Powiat bocheński",2015,313
"3404",1202000,"Powiat brzeski",2015,0
"3405",1203000,"Powiat chrzanowski",2015,0
"3406",1207000,"Powiat limanowski",2015,0
"3407",1208000,"Powiat miechowski",2015,193
"3408",1209000,"Powiat myślenicki",2015,710
"3409",1211000,"Powiat nowotarski",2015,2110
"3410",1212000,"Powiat olkuski",2015,275
"3411",1213000,"Powiat oświęcimski",2015,1313
"3412",1215000,"Powiat suski",2015,529
"3413",1217000,"Powiat tatrzański",2015,23
"3414",1261000,"Powiat m.Kraków",2015,160808
"3415",1262000,"Powiat m.Nowy Sącz",2015,5027
"3416",1263000,"Powiat m.Tarnów",2015,5397
"3417",1402000,"Powiat ciechanowski",2015,1779
"3418",1403000,"Powiat garwoliński",2015,0
"3419",1405000,"Powiat grodziski",2015,1313
"3420",1406000,"Powiat grójecki",2015,0
"3421",1412000,"Powiat miński",2015,81
"3422",1413000,"Powiat mławski",2015,197
"3423",1415000,"Powiat ostrołęcki",2015,61
"3424",1416000,"Powiat ostrowski",2015,51
"3425",1417000,"Powiat otwocki",2015,1828
"3426",1420000,"Powiat płoński",2015,176
"3427",1421000,"Powiat pruszkowski",2015,478
"3428",1422000,"Powiat przasnyski",2015,43
"3429",1424000,"Powiat pułtuski",2015,1137
"3430",1426000,"Powiat siedlecki",2015,59
"3431",1428000,"Powiat sochaczewski",2015,261
"3432",1433000,"Powiat węgrowski",2015,0
"3433",1434000,"Powiat wołomiński",2015,37
"3434",1435000,"Powiat wyszkowski",2015,226
"3435",1438000,"Powiat żyrardowski",2015,371
"3436",1461000,"Powiat m.Ostrołęka",2015,441
"3437",1462000,"Powiat m.Płock",2015,6363
"3438",1463000,"Powiat m.Radom",2015,9844
"3439",1464000,"Powiat m.Siedlce",2015,7360
"3440",1465000,"Powiat m. st. Warszawa",2015,243264
"3441",1601000,"Powiat brzeski",2015,321
"3442",1603000,"Powiat kędzierzyńsko-kozielski",2015,0
"3443",1607000,"Powiat nyski",2015,2213
"3444",1661000,"Powiat m.Opole",2015,22636
"3445",1803000,"Powiat dębicki",2015,38
"3446",1804000,"Powiat jarosławski",2015,3660
"3447",1805000,"Powiat jasielski",2015,525
"3448",1806000,"Powiat kolbuszowski",2015,114
"3449",1811000,"Powiat mielecki",2015,334
"3450",1812000,"Powiat niżański",2015,110
"3451",1814000,"Powiat przeworski",2015,198
"3452",1817000,"Powiat sanocki",2015,943
"3453",1818000,"Powiat stalowowolski",2015,1533
"3454",1861000,"Powiat m.Krosno",2015,2457
"3455",1862000,"Powiat m.Przemyśl",2015,1141
"3456",1863000,"Powiat m.Rzeszów",2015,43827
"3457",1864000,"Powiat m.Tarnobrzeg",2015,1243
"3458",2001000,"Powiat augustowski",2015,0
"3459",2005000,"Powiat hajnowski",2015,237
"3460",2010000,"Powiat siemiatycki",2015,125
"3461",2061000,"Powiat m.Białystok",2015,30340
"3462",2062000,"Powiat m.Łomża",2015,3343
"3463",2063000,"Powiat m.Suwałki",2015,1671
"3464",2202000,"Powiat chojnicki",2015,658
"3465",2203000,"Powiat człuchowski",2015,0
"3466",2205000,"Powiat kartuski",2015,0
"3467",2206000,"Powiat kościerski",2015,70
"3468",2207000,"Powiat kwidzyński",2015,640
"3469",2208000,"Powiat lęborski",2015,110
"3470",2209000,"Powiat malborski",2015,183
"3471",2213000,"Powiat starogardzki",2015,362
"3472",2214000,"Powiat tczewski",2015,0
"3473",2215000,"Powiat wejherowski",2015,176
"3474",2261000,"Powiat m.Gdańsk",2015,75419
"3475",2262000,"Powiat m.Gdynia",2015,12928
"3476",2263000,"Powiat m.Słupsk",2015,3162
"3477",2264000,"Powiat m.Sopot",2015,1825
"3478",2401000,"Powiat będziński",2015,0
"3479",2403000,"Powiat cieszyński",2015,2286
"3480",2409000,"Powiat myszkowski",2015,0
"3481",2411000,"Powiat raciborski",2015,1328
"3482",2413000,"Powiat tarnogórski",2015,156
"3483",2415000,"Powiat wodzisławski",2015,106
"3484",2416000,"Powiat zawierciański",2015,0
"3485",2417000,"Powiat żywiecki",2015,325
"3486",2461000,"Powiat m.Bielsko-Biała",2015,8560
"3487",2462000,"Powiat m.Bytom",2015,115
"3488",2463000,"Powiat m.Chorzów",2015,5488
"3489",2464000,"Powiat m.Częstochowa",2015,15347
"3490",2465000,"Powiat m.Dąbrowa Górnicza",2015,5362
"3491",2466000,"Powiat m.Gliwice",2015,23908
"3492",2467000,"Powiat m.Jastrzębie-Zdrój",2015,160
"3493",2468000,"Powiat m.Jaworzno",2015,117
"3494",2469000,"Powiat m.Katowice",2015,53812
"3495",2470000,"Powiat m.Mysłowice",2015,300
"3496",2472000,"Powiat m.Ruda Śląska",2015,114
"3497",2473000,"Powiat m.Rybnik",2015,0
"3498",2475000,"Powiat m.Sosnowiec",2015,8402
"3499",2477000,"Powiat m.Tychy",2015,215
"3500",2478000,"Powiat m.Zabrze",2015,7
"3501",2479000,"Powiat m.Żory",2015,347
"3502",2607000,"Powiat ostrowiecki",2015,1195
"3503",2608000,"Powiat pińczowski",2015,334
"3504",2609000,"Powiat sandomierski",2015,333
"3505",2610000,"Powiat skarżyski",2015,0
"3506",2611000,"Powiat starachowicki",2015,0
"3507",2661000,"Powiat m.Kielce",2015,25104
"3508",2801000,"Powiat bartoszycki",2015,82
"3509",2805000,"Powiat ełcki",2015,406
"3510",2806000,"Powiat giżycki",2015,51
"3511",2807000,"Powiat iławski",2015,262
"3512",2808000,"Powiat kętrzyński",2015,213
"3513",2813000,"Powiat olecki",2015,0
"3514",2817000,"Powiat szczycieński",2015,2611
"3515",2861000,"Powiat m.Elbląg",2015,3521
"3516",2862000,"Powiat m.Olsztyn",2015,25774
"3517",3002000,"Powiat czarnkowsko-trzcianecki",2015,50
"3518",3003000,"Powiat gnieźnieński",2015,1334
"3519",3006000,"Powiat jarociński",2015,0
"3520",3007000,"Powiat kaliski",2015,28
"3521",3008000,"Powiat kępiński",2015,0
"3522",3009000,"Powiat kolski",2015,0
"3523",3011000,"Powiat kościański",2015,0
"3524",3015000,"Powiat nowotomyski",2015,213
"3525",3017000,"Powiat ostrowski",2015,630
"3526",3019000,"Powiat pilski",2015,2070
"3527",3021000,"Powiat poznański",2015,0
"3528",3023000,"Powiat słupecki",2015,0
"3529",3025000,"Powiat średzki",2015,1161
"3530",3026000,"Powiat śremski",2015,0
"3531",3027000,"Powiat turecki",2015,0
"3532",3028000,"Powiat wągrowiecki",2015,158
"3533",3030000,"Powiat wrzesiński",2015,0
"3534",3061000,"Powiat m.Kalisz",2015,5283
"3535",3062000,"Powiat m.Konin",2015,2924
"3536",3063000,"Powiat m.Leszno",2015,2578
"3537",3064000,"Powiat m.Poznań",2015,116450
"3538",3204000,"Powiat goleniowski",2015,0
"3539",3205000,"Powiat gryficki",2015,263
"3540",3208000,"Powiat kołobrzeski",2015,150
"3541",3214000,"Powiat stargardzki",2015,207
"3542",3215000,"Powiat szczecinecki",2015,201
"3543",3217000,"Powiat wałecki",2015,501
"3544",3261000,"Powiat m.Koszalin",2015,7545
"3545",3262000,"Powiat m.Szczecin",2015,39419
"3546",3263000,"Powiat m.Świnoujście",2015,96
"3547",201000,"Powiat bolesławiecki",2016,0
"3548",202000,"Powiat dzierżoniowski",2016,0
"3549",203000,"Powiat głogowski",2016,690
"3550",208000,"Powiat kłodzki",2016,358
"3551",211000,"Powiat lubiński",2016,549
"3552",213000,"Powiat milicki",2016,0
"3553",216000,"Powiat polkowicki",2016,561
"3554",219000,"Powiat świdnicki",2016,247
"3555",221000,"Powiat wałbrzyski",2016,0
"3556",224000,"Powiat ząbkowicki",2016,0
"3557",225000,"Powiat zgorzelecki",2016,0
"3558",261000,"Powiat m.Jelenia Góra",2016,1991
"3559",262000,"Powiat m.Legnica",2016,3604
"3560",264000,"Powiat m.Wrocław",2016,119627
"3561",265000,"Powiat m.Wałbrzych od 2013",2016,2798
"3562",402000,"Powiat brodnicki",2016,45
"3563",407000,"Powiat inowrocławski",2016,424
"3564",414000,"Powiat świecki",2016,74
"3565",415000,"Powiat toruński",2016,107
"3566",416000,"Powiat tucholski",2016,578
"3567",461000,"Powiat m.Bydgoszcz",2016,31598
"3568",462000,"Powiat m.Grudziądz",2016,257
"3569",463000,"Powiat m.Toruń",2016,24092
"3570",464000,"Powiat m.Włocławek",2016,2134
"3571",602000,"Powiat biłgorajski",2016,0
"3572",611000,"Powiat łukowski",2016,92
"3573",614000,"Powiat puławski",2016,334
"3574",616000,"Powiat rycki",2016,2215
"3575",618000,"Powiat tomaszowski",2016,0
"3576",661000,"Powiat m.Biała Podlaska",2016,4315
"3577",662000,"Powiat m.Chełm",2016,2039
"3578",663000,"Powiat m.Lublin",2016,64330
"3579",664000,"Powiat m.Zamość",2016,1264
"3580",801000,"Powiat gorzowski",2016,64
"3581",802000,"Powiat krośnieński",2016,0
"3582",805000,"Powiat słubicki",2016,388
"3583",809000,"Powiat zielonogórski",2016,380
"3584",810000,"Powiat żagański",2016,0
"3585",811000,"Powiat żarski",2016,243
"3586",861000,"Powiat m.Gorzów Wielkopolski",2016,2873
"3587",862000,"Powiat m.Zielona Góra",2016,11036
"3588",1001000,"Powiat bełchatowski",2016,621
"3589",1002000,"Powiat kutnowski",2016,847
"3590",1005000,"Powiat łowicki",2016,20
"3591",1008000,"Powiat pabianicki",2016,0
"3592",1012000,"Powiat radomszczański",2016,0
"3593",1014000,"Powiat sieradzki",2016,179
"3594",1016000,"Powiat tomaszowski",2016,817
"3595",1017000,"Powiat wieluński",2016,0
"3596",1019000,"Powiat zduńskowolski",2016,223
"3597",1061000,"Powiat m.Łódź",2016,73961
"3598",1062000,"Powiat m.Piotrków Trybunalski",2016,1253
"3599",1063000,"Powiat m.Skierniewice",2016,1467
"3600",1201000,"Powiat bocheński",2016,279
"3601",1202000,"Powiat brzeski",2016,0
"3602",1203000,"Powiat chrzanowski",2016,0
"3603",1207000,"Powiat limanowski",2016,0
"3604",1208000,"Powiat miechowski",2016,148
"3605",1209000,"Powiat myślenicki",2016,690
"3606",1211000,"Powiat nowotarski",2016,2062
"3607",1212000,"Powiat olkuski",2016,229
"3608",1213000,"Powiat oświęcimski",2016,1339
"3609",1215000,"Powiat suski",2016,498
"3610",1217000,"Powiat tatrzański",2016,22
"3611",1261000,"Powiat m.Kraków",2016,154332
"3612",1262000,"Powiat m.Nowy Sącz",2016,4547
"3613",1263000,"Powiat m.Tarnów",2016,5045
"3614",1402000,"Powiat ciechanowski",2016,1668
"3615",1403000,"Powiat garwoliński",2016,0
"3616",1405000,"Powiat grodziski",2016,1485
"3617",1406000,"Powiat grójecki",2016,0
"3618",1412000,"Powiat miński",2016,57
"3619",1413000,"Powiat mławski",2016,235
"3620",1415000,"Powiat ostrołęcki",2016,0
"3621",1416000,"Powiat ostrowski",2016,50
"3622",1417000,"Powiat otwocki",2016,2292
"3623",1420000,"Powiat płoński",2016,172
"3624",1421000,"Powiat pruszkowski",2016,431
"3625",1422000,"Powiat przasnyski",2016,31
"3626",1424000,"Powiat pułtuski",2016,958
"3627",1426000,"Powiat siedlecki",2016,58
"3628",1428000,"Powiat sochaczewski",2016,243
"3629",1433000,"Powiat węgrowski",2016,0
"3630",1434000,"Powiat wołomiński",2016,0
"3631",1435000,"Powiat wyszkowski",2016,204
"3632",1438000,"Powiat żyrardowski",2016,475
"3633",1461000,"Powiat m.Ostrołęka",2016,391
"3634",1462000,"Powiat m.Płock",2016,5990
"3635",1463000,"Powiat m.Radom",2016,8856
"3636",1464000,"Powiat m.Siedlce",2016,6528
"3637",1465000,"Powiat m. st. Warszawa",2016,239542
"3638",1601000,"Powiat brzeski",2016,299
"3639",1603000,"Powiat kędzierzyńsko-kozielski",2016,28
"3640",1607000,"Powiat nyski",2016,2267
"3641",1661000,"Powiat m.Opole",2016,20226
"3642",1803000,"Powiat dębicki",2016,0
"3643",1804000,"Powiat jarosławski",2016,2974
"3644",1805000,"Powiat jasielski",2016,423
"3645",1806000,"Powiat kolbuszowski",2016,95
"3646",1811000,"Powiat mielecki",2016,258
"3647",1812000,"Powiat niżański",2016,70
"3648",1814000,"Powiat przeworski",2016,159
"3649",1817000,"Powiat sanocki",2016,1140
"3650",1818000,"Powiat stalowowolski",2016,1268
"3651",1861000,"Powiat m.Krosno",2016,2288
"3652",1862000,"Powiat m.Przemyśl",2016,998
"3653",1863000,"Powiat m.Rzeszów",2016,41787
"3654",1864000,"Powiat m.Tarnobrzeg",2016,1109
"3655",2001000,"Powiat augustowski",2016,0
"3656",2005000,"Powiat hajnowski",2016,221
"3657",2010000,"Powiat siemiatycki",2016,153
"3658",2061000,"Powiat m.Białystok",2016,29057
"3659",2062000,"Powiat m.Łomża",2016,3241
"3660",2063000,"Powiat m.Suwałki",2016,1537
"3661",2202000,"Powiat chojnicki",2016,624
"3662",2203000,"Powiat człuchowski",2016,0
"3663",2205000,"Powiat kartuski",2016,0
"3664",2206000,"Powiat kościerski",2016,59
"3665",2207000,"Powiat kwidzyński",2016,649
"3666",2208000,"Powiat lęborski",2016,101
"3667",2209000,"Powiat malborski",2016,201
"3668",2213000,"Powiat starogardzki",2016,315
"3669",2214000,"Powiat tczewski",2016,0
"3670",2215000,"Powiat wejherowski",2016,153
"3671",2261000,"Powiat m.Gdańsk",2016,73264
"3672",2262000,"Powiat m.Gdynia",2016,12251
"3673",2263000,"Powiat m.Słupsk",2016,3143
"3674",2264000,"Powiat m.Sopot",2016,1985
"3675",2401000,"Powiat będziński",2016,0
"3676",2403000,"Powiat cieszyński",2016,2008
"3677",2409000,"Powiat myszkowski",2016,0
"3678",2411000,"Powiat raciborski",2016,1561
"3679",2413000,"Powiat tarnogórski",2016,81
"3680",2415000,"Powiat wodzisławski",2016,84
"3681",2416000,"Powiat zawierciański",2016,0
"3682",2417000,"Powiat żywiecki",2016,351
"3683",2461000,"Powiat m.Bielsko-Biała",2016,7893
"3684",2462000,"Powiat m.Bytom",2016,113
"3685",2463000,"Powiat m.Chorzów",2016,5129
"3686",2464000,"Powiat m.Częstochowa",2016,14128
"3687",2465000,"Powiat m.Dąbrowa Górnicza",2016,5535
"3688",2466000,"Powiat m.Gliwice",2016,22183
"3689",2467000,"Powiat m.Jastrzębie-Zdrój",2016,85
"3690",2468000,"Powiat m.Jaworzno",2016,68
"3691",2469000,"Powiat m.Katowice",2016,52243
"3692",2470000,"Powiat m.Mysłowice",2016,257
"3693",2472000,"Powiat m.Ruda Śląska",2016,116
"3694",2473000,"Powiat m.Rybnik",2016,0
"3695",2475000,"Powiat m.Sosnowiec",2016,8205
"3696",2477000,"Powiat m.Tychy",2016,34
"3697",2478000,"Powiat m.Zabrze",2016,0
"3698",2479000,"Powiat m.Żory",2016,287
"3699",2607000,"Powiat ostrowiecki",2016,1233
"3700",2608000,"Powiat pińczowski",2016,391
"3701",2609000,"Powiat sandomierski",2016,277
"3702",2610000,"Powiat skarżyski",2016,0
"3703",2611000,"Powiat starachowicki",2016,0
"3704",2661000,"Powiat m.Kielce",2016,22895
"3705",2801000,"Powiat bartoszycki",2016,84
"3706",2805000,"Powiat ełcki",2016,284
"3707",2806000,"Powiat giżycki",2016,100
"3708",2807000,"Powiat iławski",2016,232
"3709",2808000,"Powiat kętrzyński",2016,205
"3710",2813000,"Powiat olecki",2016,0
"3711",2817000,"Powiat szczycieński",2016,2705
"3712",2861000,"Powiat m.Elbląg",2016,3261
"3713",2862000,"Powiat m.Olsztyn",2016,23421
"3714",3002000,"Powiat czarnkowsko-trzcianecki",2016,56
"3715",3003000,"Powiat gnieźnieński",2016,1254
"3716",3006000,"Powiat jarociński",2016,0
"3717",3007000,"Powiat kaliski",2016,0
"3718",3008000,"Powiat kępiński",2016,0
"3719",3009000,"Powiat kolski",2016,0
"3720",3011000,"Powiat kościański",2016,0
"3721",3015000,"Powiat nowotomyski",2016,199
"3722",3017000,"Powiat ostrowski",2016,560
"3723",3019000,"Powiat pilski",2016,1838
"3724",3021000,"Powiat poznański",2016,0
"3725",3023000,"Powiat słupecki",2016,0
"3726",3025000,"Powiat średzki",2016,1050
"3727",3026000,"Powiat śremski",2016,0
"3728",3027000,"Powiat turecki",2016,0
"3729",3028000,"Powiat wągrowiecki",2016,145
"3730",3030000,"Powiat wrzesiński",2016,35
"3731",3061000,"Powiat m.Kalisz",2016,4742
"3732",3062000,"Powiat m.Konin",2016,2665
"3733",3063000,"Powiat m.Leszno",2016,2385
"3734",3064000,"Powiat m.Poznań",2016,112002
"3735",3204000,"Powiat goleniowski",2016,0
"3736",3205000,"Powiat gryficki",2016,267
"3737",3208000,"Powiat kołobrzeski",2016,211
"3738",3214000,"Powiat stargardzki",2016,226
"3739",3215000,"Powiat szczecinecki",2016,229
"3740",3217000,"Powiat wałecki",2016,466
"3741",3261000,"Powiat m.Koszalin",2016,6475
"3742",3262000,"Powiat m.Szczecin",2016,37254
"3743",3263000,"Powiat m.Świnoujście",2016,78
"3744",201000,"Powiat bolesławiecki",2017,0
"3745",202000,"Powiat dzierżoniowski",2017,0
"3746",203000,"Powiat głogowski",2017,742
"3747",208000,"Powiat kłodzki",2017,322
"3748",211000,"Powiat lubiński",2017,530
"3749",213000,"Powiat milicki",2017,0
"3750",216000,"Powiat polkowicki",2017,487
"3751",219000,"Powiat świdnicki",2017,210
"3752",221000,"Powiat wałbrzyski",2017,0
"3753",224000,"Powiat ząbkowicki",2017,0
"3754",225000,"Powiat zgorzelecki",2017,0
"3755",261000,"Powiat m.Jelenia Góra",2017,1585
"3756",262000,"Powiat m.Legnica",2017,3152
"3757",264000,"Powiat m.Wrocław",2017,114825
"3758",265000,"Powiat m.Wałbrzych od 2013",2017,2277
"3759",402000,"Powiat brodnicki",2017,0
"3760",407000,"Powiat inowrocławski",2017,106
"3761",414000,"Powiat świecki",2017,109
"3762",415000,"Powiat toruński",2017,154
"3763",416000,"Powiat tucholski",2017,610
"3764",461000,"Powiat m.Bydgoszcz",2017,28813
"3765",462000,"Powiat m.Grudziądz",2017,207
"3766",463000,"Powiat m.Toruń",2017,26972
"3767",464000,"Powiat m.Włocławek",2017,2443
"3768",602000,"Powiat biłgorajski",2017,0
"3769",611000,"Powiat łukowski",2017,0
"3770",614000,"Powiat puławski",2017,344
"3771",616000,"Powiat rycki",2017,1941
"3772",618000,"Powiat tomaszowski",2017,0
"3773",661000,"Powiat m.Biała Podlaska",2017,4043
"3774",662000,"Powiat m.Chełm",2017,1991
"3775",663000,"Powiat m.Lublin",2017,62977
"3776",664000,"Powiat m.Zamość",2017,1158
"3777",801000,"Powiat gorzowski",2017,71
"3778",802000,"Powiat krośnieński",2017,0
"3779",805000,"Powiat słubicki",2017,0
"3780",809000,"Powiat zielonogórski",2017,331
"3781",810000,"Powiat żagański",2017,0
"3782",811000,"Powiat żarski",2017,294
"3783",861000,"Powiat m.Gorzów Wielkopolski",2017,2961
"3784",862000,"Powiat m.Zielona Góra",2017,10436
"3785",1001000,"Powiat bełchatowski",2017,689
"3786",1002000,"Powiat kutnowski",2017,934
"3787",1005000,"Powiat łowicki",2017,0
"3788",1008000,"Powiat pabianicki",2017,0
"3789",1012000,"Powiat radomszczański",2017,0
"3790",1014000,"Powiat sieradzki",2017,247
"3791",1016000,"Powiat tomaszowski",2017,875
"3792",1017000,"Powiat wieluński",2017,1
"3793",1019000,"Powiat zduńskowolski",2017,211
"3794",1061000,"Powiat m.Łódź",2017,72019
"3795",1062000,"Powiat m.Piotrków Trybunalski",2017,1091
"3796",1063000,"Powiat m.Skierniewice",2017,1311
"3797",1201000,"Powiat bocheński",2017,0
"3798",1202000,"Powiat brzeski",2017,0
"3799",1203000,"Powiat chrzanowski",2017,0
"3800",1207000,"Powiat limanowski",2017,38
"3801",1208000,"Powiat miechowski",2017,113
"3802",1209000,"Powiat myślenicki",2017,0
"3803",1211000,"Powiat nowotarski",2017,1994
"3804",1212000,"Powiat olkuski",2017,186
"3805",1213000,"Powiat oświęcimski",2017,1578
"3806",1215000,"Powiat suski",2017,481
"3807",1217000,"Powiat tatrzański",2017,8
"3808",1261000,"Powiat m.Kraków",2017,143613
"3809",1262000,"Powiat m.Nowy Sącz",2017,4504
"3810",1263000,"Powiat m.Tarnów",2017,5178
"3811",1402000,"Powiat ciechanowski",2017,1843
"3812",1403000,"Powiat garwoliński",2017,0
"3813",1405000,"Powiat grodziski",2017,1286
"3814",1406000,"Powiat grójecki",2017,0
"3815",1412000,"Powiat miński",2017,51
"3816",1413000,"Powiat mławski",2017,0
"3817",1415000,"Powiat ostrołęcki",2017,0
"3818",1416000,"Powiat ostrowski",2017,51
"3819",1417000,"Powiat otwocki",2017,2496
"3820",1420000,"Powiat płoński",2017,174
"3821",1421000,"Powiat pruszkowski",2017,407
"3822",1422000,"Powiat przasnyski",2017,0
"3823",1424000,"Powiat pułtuski",2017,885
"3824",1426000,"Powiat siedlecki",2017,0
"3825",1428000,"Powiat sochaczewski",2017,283
"3826",1433000,"Powiat węgrowski",2017,0
"3827",1434000,"Powiat wołomiński",2017,47
"3828",1435000,"Powiat wyszkowski",2017,225
"3829",1438000,"Powiat żyrardowski",2017,707
"3830",1461000,"Powiat m.Ostrołęka",2017,343
"3831",1462000,"Powiat m.Płock",2017,5777
"3832",1463000,"Powiat m.Radom",2017,7621
"3833",1464000,"Powiat m.Siedlce",2017,6446
"3834",1465000,"Powiat m. st. Warszawa",2017,230268
"3835",1601000,"Powiat brzeski",2017,220
"3836",1603000,"Powiat kędzierzyńsko-kozielski",2017,25
"3837",1607000,"Powiat nyski",2017,2010
"3838",1661000,"Powiat m.Opole",2017,19727
"3839",1803000,"Powiat dębicki",2017,0
"3840",1804000,"Powiat jarosławski",2017,2728
"3841",1805000,"Powiat jasielski",2017,447
"3842",1806000,"Powiat kolbuszowski",2017,0
"3843",1811000,"Powiat mielecki",2017,180
"3844",1812000,"Powiat niżański",2017,72
"3845",1814000,"Powiat przeworski",2017,198
"3846",1817000,"Powiat sanocki",2017,1155
"3847",1818000,"Powiat stalowowolski",2017,688
"3848",1861000,"Powiat m.Krosno",2017,2223
"3849",1862000,"Powiat m.Przemyśl",2017,937
"3850",1863000,"Powiat m.Rzeszów",2017,40016
"3851",1864000,"Powiat m.Tarnobrzeg",2017,888
"3852",2001000,"Powiat augustowski",2017,0
"3853",2005000,"Powiat hajnowski",2017,202
"3854",2010000,"Powiat siemiatycki",2017,124
"3855",2061000,"Powiat m.Białystok",2017,26378
"3856",2062000,"Powiat m.Łomża",2017,3313
"3857",2063000,"Powiat m.Suwałki",2017,1435
"3858",2202000,"Powiat chojnicki",2017,570
"3859",2203000,"Powiat człuchowski",2017,0
"3860",2205000,"Powiat kartuski",2017,0
"3861",2206000,"Powiat kościerski",2017,61
"3862",2207000,"Powiat kwidzyński",2017,611
"3863",2208000,"Powiat lęborski",2017,0
"3864",2209000,"Powiat malborski",2017,0
"3865",2213000,"Powiat starogardzki",2017,263
"3866",2214000,"Powiat tczewski",2017,154
"3867",2215000,"Powiat wejherowski",2017,128
"3868",2261000,"Powiat m.Gdańsk",2017,67773
"3869",2262000,"Powiat m.Gdynia",2017,11458
"3870",2263000,"Powiat m.Słupsk",2017,3192
"3871",2264000,"Powiat m.Sopot",2017,2107
"3872",2401000,"Powiat będziński",2017,0
"3873",2403000,"Powiat cieszyński",2017,820
"3874",2409000,"Powiat myszkowski",2017,0
"3875",2411000,"Powiat raciborski",2017,1377
"3876",2413000,"Powiat tarnogórski",2017,46
"3877",2415000,"Powiat wodzisławski",2017,84
"3878",2416000,"Powiat zawierciański",2017,0
"3879",2417000,"Powiat żywiecki",2017,315
"3880",2461000,"Powiat m.Bielsko-Biała",2017,7073
"3881",2462000,"Powiat m.Bytom",2017,116
"3882",2463000,"Powiat m.Chorzów",2017,5608
"3883",2464000,"Powiat m.Częstochowa",2017,13607
"3884",2465000,"Powiat m.Dąbrowa Górnicza",2017,6816
"3885",2466000,"Powiat m.Gliwice",2017,20655
"3886",2467000,"Powiat m.Jastrzębie-Zdrój",2017,0
"3887",2468000,"Powiat m.Jaworzno",2017,36
"3888",2469000,"Powiat m.Katowice",2017,57926
"3889",2470000,"Powiat m.Mysłowice",2017,203
"3890",2472000,"Powiat m.Ruda Śląska",2017,219
"3891",2473000,"Powiat m.Rybnik",2017,341
"3892",2475000,"Powiat m.Sosnowiec",2017,2487
"3893",2477000,"Powiat m.Tychy",2017,139
"3894",2478000,"Powiat m.Zabrze",2017,0
"3895",2479000,"Powiat m.Żory",2017,254
"3896",2607000,"Powiat ostrowiecki",2017,1847
"3897",2608000,"Powiat pińczowski",2017,453
"3898",2609000,"Powiat sandomierski",2017,314
"3899",2610000,"Powiat skarżyski",2017,0
"3900",2611000,"Powiat starachowicki",2017,0
"3901",2661000,"Powiat m.Kielce",2017,22719
"3902",2801000,"Powiat bartoszycki",2017,122
"3903",2805000,"Powiat ełcki",2017,222
"3904",2806000,"Powiat giżycki",2017,167
"3905",2807000,"Powiat iławski",2017,246
"3906",2808000,"Powiat kętrzyński",2017,0
"3907",2813000,"Powiat olecki",2017,0
"3908",2817000,"Powiat szczycieński",2017,2462
"3909",2861000,"Powiat m.Elbląg",2017,3267
"3910",2862000,"Powiat m.Olsztyn",2017,22519
"3911",3002000,"Powiat czarnkowsko-trzcianecki",2017,60
"3912",3003000,"Powiat gnieźnieński",2017,973
"3913",3006000,"Powiat jarociński",2017,0
"3914",3007000,"Powiat kaliski",2017,0
"3915",3008000,"Powiat kępiński",2017,0
"3916",3009000,"Powiat kolski",2017,0
"3917",3011000,"Powiat kościański",2017,0
"3918",3015000,"Powiat nowotomyski",2017,249
"3919",3017000,"Powiat ostrowski",2017,516
"3920",3019000,"Powiat pilski",2017,1426
"3921",3021000,"Powiat poznański",2017,0
"3922",3023000,"Powiat słupecki",2017,0
"3923",3025000,"Powiat średzki",2017,1063
"3924",3026000,"Powiat śremski",2017,0
"3925",3027000,"Powiat turecki",2017,0
"3926",3028000,"Powiat wągrowiecki",2017,143
"3927",3030000,"Powiat wrzesiński",2017,52
"3928",3061000,"Powiat m.Kalisz",2017,3258
"3929",3062000,"Powiat m.Konin",2017,2114
"3930",3063000,"Powiat m.Leszno",2017,2301
"3931",3064000,"Powiat m.Poznań",2017,110346
"3932",3204000,"Powiat goleniowski",2017,0
"3933",3205000,"Powiat gryficki",2017,254
"3934",3208000,"Powiat kołobrzeski",2017,287
"3935",3214000,"Powiat stargardzki",2017,218
"3936",3215000,"Powiat szczecinecki",2017,211
"3937",3217000,"Powiat wałecki",2017,431
"3938",3261000,"Powiat m.Koszalin",2017,5405
"3939",3262000,"Powiat m.Szczecin",2017,35043
"3940",3263000,"Powiat m.Świnoujście",2017,80
"3941",201000,"Powiat bolesławiecki",2018,0
"3942",202000,"Powiat dzierżoniowski",2018,0
"3943",203000,"Powiat głogowski",2018,743
"3944",208000,"Powiat kłodzki",2018,449
"3945",211000,"Powiat lubiński",2018,469
"3946",213000,"Powiat milicki",2018,0
"3947",216000,"Powiat polkowicki",2018,426
"3948",219000,"Powiat świdnicki",2018,201
"3949",221000,"Powiat wałbrzyski",2018,0
"3950",224000,"Powiat ząbkowicki",2018,0
"3951",225000,"Powiat zgorzelecki",2018,17
"3952",261000,"Powiat m.Jelenia Góra",2018,1667
"3953",262000,"Powiat m.Legnica",2018,3204
"3954",264000,"Powiat m.Wrocław",2018,110881
"3955",265000,"Powiat m.Wałbrzych od 2013",2018,2258
"3956",402000,"Powiat brodnicki",2018,0
"3957",407000,"Powiat inowrocławski",2018,40
"3958",414000,"Powiat świecki",2018,82
"3959",415000,"Powiat toruński",2018,0
"3960",416000,"Powiat tucholski",2018,542
"3961",461000,"Powiat m.Bydgoszcz",2018,27058
"3962",462000,"Powiat m.Grudziądz",2018,312
"3963",463000,"Powiat m.Toruń",2018,26180
"3964",464000,"Powiat m.Włocławek",2018,2325
"3965",602000,"Powiat biłgorajski",2018,0
"3966",611000,"Powiat łukowski",2018,0
"3967",614000,"Powiat puławski",2018,278
"3968",616000,"Powiat rycki",2018,1797
"3969",618000,"Powiat tomaszowski",2018,0
"3970",661000,"Powiat m.Biała Podlaska",2018,3679
"3971",662000,"Powiat m.Chełm",2018,1888
"3972",663000,"Powiat m.Lublin",2018,60988
"3973",664000,"Powiat m.Zamość",2018,1224
"3974",801000,"Powiat gorzowski",2018,0
"3975",802000,"Powiat krośnieński",2018,0
"3976",805000,"Powiat słubicki",2018,0
"3977",809000,"Powiat zielonogórski",2018,302
"3978",810000,"Powiat żagański",2018,0
"3979",811000,"Powiat żarski",2018,300
"3980",861000,"Powiat m.Gorzów Wielkopolski",2018,2731
"3981",862000,"Powiat m.Zielona Góra",2018,9927
"3982",1001000,"Powiat bełchatowski",2018,448
"3983",1002000,"Powiat kutnowski",2018,958
"3984",1005000,"Powiat łowicki",2018,0
"3985",1008000,"Powiat pabianicki",2018,0
"3986",1012000,"Powiat radomszczański",2018,0
"3987",1014000,"Powiat sieradzki",2018,301
"3988",1016000,"Powiat tomaszowski",2018,849
"3989",1017000,"Powiat wieluński",2018,0
"3990",1019000,"Powiat zduńskowolski",2018,174
"3991",1061000,"Powiat m.Łódź",2018,65565
"3992",1062000,"Powiat m.Piotrków Trybunalski",2018,1295
"3993",1063000,"Powiat m.Skierniewice",2018,1174
"3994",1201000,"Powiat bocheński",2018,149
"3995",1202000,"Powiat brzeski",2018,0
"3996",1203000,"Powiat chrzanowski",2018,0
"3997",1207000,"Powiat limanowski",2018,55
"3998",1208000,"Powiat miechowski",2018,101
"3999",1209000,"Powiat myślenicki",2018,850
"4000",1211000,"Powiat nowotarski",2018,2119
"4001",1212000,"Powiat olkuski",2018,188
"4002",1213000,"Powiat oświęcimski",2018,1773
"4003",1215000,"Powiat suski",2018,450
"4004",1217000,"Powiat tatrzański",2018,4
"4005",1261000,"Powiat m.Kraków",2018,134969
"4006",1262000,"Powiat m.Nowy Sącz",2018,4395
"4007",1263000,"Powiat m.Tarnów",2018,5084
"4008",1402000,"Powiat ciechanowski",2018,1338
"4009",1403000,"Powiat garwoliński",2018,0
"4010",1405000,"Powiat grodziski",2018,1183
"4011",1406000,"Powiat grójecki",2018,0
"4012",1412000,"Powiat miński",2018,72
"4013",1413000,"Powiat mławski",2018,325
"4014",1415000,"Powiat ostrołęcki",2018,0
"4015",1416000,"Powiat ostrowski",2018,54
"4016",1417000,"Powiat otwocki",2018,2290
"4017",1420000,"Powiat płoński",2018,251
"4018",1421000,"Powiat pruszkowski",2018,647
"4019",1422000,"Powiat przasnyski",2018,68
"4020",1424000,"Powiat pułtuski",2018,825
"4021",1426000,"Powiat siedlecki",2018,0
"4022",1428000,"Powiat sochaczewski",2018,295
"4023",1433000,"Powiat węgrowski",2018,0
"4024",1434000,"Powiat wołomiński",2018,0
"4025",1435000,"Powiat wyszkowski",2018,199
"4026",1438000,"Powiat żyrardowski",2018,851
"4027",1461000,"Powiat m.Ostrołęka",2018,232
"4028",1462000,"Powiat m.Płock",2018,5345
"4029",1463000,"Powiat m.Radom",2018,6990
"4030",1464000,"Powiat m.Siedlce",2018,6257
"4031",1465000,"Powiat m. st. Warszawa",2018,219559
"4032",1601000,"Powiat brzeski",2018,231
"4033",1603000,"Powiat kędzierzyńsko-kozielski",2018,21
"4034",1607000,"Powiat nyski",2018,1881
"4035",1661000,"Powiat m.Opole",2018,19159
"4036",1803000,"Powiat dębicki",2018,0
"4037",1804000,"Powiat jarosławski",2018,2469
"4038",1805000,"Powiat jasielski",2018,417
"4039",1806000,"Powiat kolbuszowski",2018,0
"4040",1811000,"Powiat mielecki",2018,171
"4041",1812000,"Powiat niżański",2018,51
"4042",1814000,"Powiat przeworski",2018,313
"4043",1817000,"Powiat sanocki",2018,1080
"4044",1818000,"Powiat stalowowolski",2018,624
"4045",1861000,"Powiat m.Krosno",2018,2219
"4046",1862000,"Powiat m.Przemyśl",2018,783
"4047",1863000,"Powiat m.Rzeszów",2018,37900
"4048",1864000,"Powiat m.Tarnobrzeg",2018,885
"4049",2001000,"Powiat augustowski",2018,0
"4050",2005000,"Powiat hajnowski",2018,220
"4051",2010000,"Powiat siemiatycki",2018,95
"4052",2061000,"Powiat m.Białystok",2018,24801
"4053",2062000,"Powiat m.Łomża",2018,3306
"4054",2063000,"Powiat m.Suwałki",2018,1339
"4055",2202000,"Powiat chojnicki",2018,606
"4056",2203000,"Powiat człuchowski",2018,0
"4057",2205000,"Powiat kartuski",2018,0
"4058",2206000,"Powiat kościerski",2018,107
"4059",2207000,"Powiat kwidzyński",2018,614
"4060",2208000,"Powiat lęborski",2018,164
"4061",2209000,"Powiat malborski",2018,0
"4062",2213000,"Powiat starogardzki",2018,243
"4063",2214000,"Powiat tczewski",2018,234
"4064",2215000,"Powiat wejherowski",2018,149
"4065",2261000,"Powiat m.Gdańsk",2018,65010
"4066",2262000,"Powiat m.Gdynia",2018,10959
"4067",2263000,"Powiat m.Słupsk",2018,3277
"4068",2264000,"Powiat m.Sopot",2018,2151
"4069",2401000,"Powiat będziński",2018,0
"4070",2403000,"Powiat cieszyński",2018,902
"4071",2409000,"Powiat myszkowski",2018,0
"4072",2411000,"Powiat raciborski",2018,1369
"4073",2413000,"Powiat tarnogórski",2018,29
"4074",2415000,"Powiat wodzisławski",2018,96
"4075",2416000,"Powiat zawierciański",2018,0
"4076",2417000,"Powiat żywiecki",2018,312
"4077",2461000,"Powiat m.Bielsko-Biała",2018,6571
"4078",2462000,"Powiat m.Bytom",2018,113
"4079",2463000,"Powiat m.Chorzów",2018,6038
"4080",2464000,"Powiat m.Częstochowa",2018,12809
"4081",2465000,"Powiat m.Dąbrowa Górnicza",2018,8060
"4082",2466000,"Powiat m.Gliwice",2018,18900
"4083",2467000,"Powiat m.Jastrzębie-Zdrój",2018,26
"4084",2468000,"Powiat m.Jaworzno",2018,44
"4085",2469000,"Powiat m.Katowice",2018,55660
"4086",2470000,"Powiat m.Mysłowice",2018,88
"4087",2472000,"Powiat m.Ruda Śląska",2018,260
"4088",2473000,"Powiat m.Rybnik",2018,371
"4089",2475000,"Powiat m.Sosnowiec",2018,2754
"4090",2477000,"Powiat m.Tychy",2018,0
"4091",2478000,"Powiat m.Zabrze",2018,0
"4092",2479000,"Powiat m.Żory",2018,326
"4093",2607000,"Powiat ostrowiecki",2018,1642
"4094",2608000,"Powiat pińczowski",2018,450
"4095",2609000,"Powiat sandomierski",2018,317
"4096",2610000,"Powiat skarżyski",2018,0
"4097",2611000,"Powiat starachowicki",2018,12
"4098",2661000,"Powiat m.Kielce",2018,20264
"4099",2801000,"Powiat bartoszycki",2018,117
"4100",2805000,"Powiat ełcki",2018,427
"4101",2806000,"Powiat giżycki",2018,148
"4102",2807000,"Powiat iławski",2018,243
"4103",2808000,"Powiat kętrzyński",2018,220
"4104",2813000,"Powiat olecki",2018,0
"4105",2817000,"Powiat szczycieński",2018,2249
"4106",2861000,"Powiat m.Elbląg",2018,3100
"4107",2862000,"Powiat m.Olsztyn",2018,20676
"4108",3002000,"Powiat czarnkowsko-trzcianecki",2018,64
"4109",3003000,"Powiat gnieźnieński",2018,854
"4110",3006000,"Powiat jarociński",2018,0
"4111",3007000,"Powiat kaliski",2018,0
"4112",3008000,"Powiat kępiński",2018,0
"4113",3009000,"Powiat kolski",2018,0
"4114",3011000,"Powiat kościański",2018,0
"4115",3015000,"Powiat nowotomyski",2018,231
"4116",3017000,"Powiat ostrowski",2018,527
"4117",3019000,"Powiat pilski",2018,1317
"4118",3021000,"Powiat poznański",2018,0
"4119",3023000,"Powiat słupecki",2018,0
"4120",3025000,"Powiat średzki",2018,1037
"4121",3026000,"Powiat śremski",2018,0
"4122",3027000,"Powiat turecki",2018,0
"4123",3028000,"Powiat wągrowiecki",2018,156
"4124",3030000,"Powiat wrzesiński",2018,88
"4125",3061000,"Powiat m.Kalisz",2018,2897
"4126",3062000,"Powiat m.Konin",2018,2094
"4127",3063000,"Powiat m.Leszno",2018,2171
"4128",3064000,"Powiat m.Poznań",2018,104088
"4129",3204000,"Powiat goleniowski",2018,0
"4130",3205000,"Powiat gryficki",2018,237
"4131",3208000,"Powiat kołobrzeski",2018,272
"4132",3214000,"Powiat stargardzki",2018,347
"4133",3215000,"Powiat szczecinecki",2018,209
"4134",3217000,"Powiat wałecki",2018,407
"4135",3261000,"Powiat m.Koszalin",2018,5020
"4136",3262000,"Powiat m.Szczecin",2018,32857
"4137",3263000,"Powiat m.Świnoujście",2018,72
